HR,HRV,MicroSiemens,ArousalMean,PhaseName,MatchesSam,TimeStamp,ArousalPred
1.2754330979016297,1.8043804058258321,1.6428591830184516,1,HA_PV,True,2020-11-01 21:15:42,0
2.7589740195319576,1.6793591400047716,1.9139958966195507,1,HA_PV,True,2020-11-01 21:15:42,0
3.9828952798769777,1.474653990473585,2.428460430119074,1,HA_PV,True,2020-11-01 21:15:43,1
3.9828952798769777,1.3771099259318784,1.8444736623628586,1,HA_PV,True,2020-11-01 21:15:45,1
-0.07829799308604415,1.2356023393432054,1.747142534403489,1,HA_PV,True,2020-11-01 21:15:45,0
-1.4505733455940988,1.0295233297480508,1.5802891721874286,1,HA_PV,True,2020-11-01 21:15:47,0
-1.5432946531959941,0.8880157431593783,1.5385758316334128,1,HA_PV,True,2020-11-01 21:15:47,0
-1.5432946531959941,0.8564169616881212,1.420388033397036,1,HA_PV,True,2020-11-01 21:15:48,0
-1.6916487453590265,0.9237361048225382,1.3439135757146747,1,HA_PV,True,2020-11-01 21:15:49,0
-1.5432946531959941,1.1078333533942095,1.2674391180323124,1,HA_PV,True,2020-11-01 21:15:50,0
-0.7644356693400715,1.3070430626695255,1.2813435648836506,1,HA_PV,True,2020-11-01 21:15:51,0
-0.8942454999827256,1.54334699367197,1.371722469417351,1,HA_PV,True,2020-11-01 21:15:52,0
-0.48627174653438493,1.764538463970769,1.288295788309321,1,HA_PV,True,2020-11-01 21:15:53,0
-0.9313340230234844,2.1602101623934655,1.0797290855392434,1,HA_PV,True,2020-11-01 21:15:54,0
-0.7088028847789346,2.289353008406429,1.0102068512825515,1,HA_PV,True,2020-11-01 21:15:55,0
-1.4320290840737206,2.388270933012103,0.9684935107285357,1,HA_PV,True,2020-11-01 21:15:56,0
-1.969812668164713,2.4679548167222305,0.8989712764718436,1,HA_PV,True,2020-11-01 21:15:57,0
-2.0625339757666086,2.496805878065551,0.8364012656408207,1,HA_PV,True,2020-11-01 21:15:58,0
-2.099622498807367,2.496805878065551,0.801640148512474,1,HA_PV,True,2020-11-01 21:15:59,0
-1.3022192534310664,2.496805878065551,0.739070137681451,1,HA_PV,True,2020-11-01 21:16:00,0
-1.4320290840737206,2.5009274582574545,0.676500126850428,1,HA_PV,True,2020-11-01 21:16:01,0
-1.1909536843087902,2.5146660588971317,0.6486912331477518,1,HA_PV,True,2020-11-01 21:16:01,0
-1.172409422788412,2.5476387004323566,0.7668790313841286,1,HA_PV,True,2020-11-01 21:16:02,0
-0.22665208524907907,2.5861067822234522,0.9337323936001891,1,HA_PV,True,2020-11-01 21:16:03,0
-0.6160815771770392,2.6341918844623207,0.8364012656408207,1,HA_PV,True,2020-11-01 21:16:04,0
-0.6902586232585566,2.687772426957061,0.7529745845327892,1,HA_PV,True,2020-11-01 21:16:05,0
-0.7458914078196934,2.7427268295157696,0.6834523502760972,1,HA_PV,True,2020-11-01 21:16:06,0
0.16277740667888363,2.7976812320744777,0.6486912331477518,1,HA_PV,True,2020-11-01 21:16:06,0
-0.37500617741211134,2.8526356346331854,0.5791689988910584,1,HA_PV,True,2020-11-01 21:16:07,0
-0.8200684539012082,2.910337757319829,0.5583123286140512,1,HA_PV,True,2020-11-01 21:16:08,0
-1.172409422788412,2.897973016744119,0.5165989880600355,1,HA_PV,True,2020-11-01 21:16:09,0
-0.9684225460642432,2.8595049349530233,0.5026945412086973,1,HA_PV,True,2020-11-01 21:16:10,0
-0.35646191589173065,2.8100459726501863,0.48183787093169006,1,HA_PV,True,2020-11-01 21:16:11,0
-0.5604487926159024,2.735857529195931,0.42622008352633617,1,HA_PV,True,2020-11-01 21:16:12,0
-0.5048160080547656,2.669912246125482,0.39145896639798955,1,HA_PV,True,2020-11-01 21:16:12,0
0.44094132948457015,2.4844411374898425,0.32888895556696657,1,HA_PV,True,2020-11-01 21:16:14,0
0.31113149884191593,2.3745323323724272,0.32888895556696657,1,HA_PV,True,2020-11-01 21:16:14,0
-0.7829799308604521,2.21104298476027,0.29412783843861995,1,HA_PV,True,2020-11-01 21:16:16,0
-1.3578520379922032,1.9074199106234093,0.29412783843861995,1,HA_PV,True,2020-11-01 21:16:17,0
-1.3763962995125814,1.6285263176379667,0.3080322852899593,1,HA_PV,True,2020-11-01 21:16:17,0
-0.7088028847789346,1.331772543820944,0.30108006186429026,1,HA_PV,True,2020-11-01 21:16:18,0
-1.02405533062538,1.0006722684047296,0.28717561501295086,1,HA_PV,True,2020-11-01 21:16:19,0
-0.9684225460642432,0.5404291469755508,0.21765338075625879,1,HA_PV,True,2020-11-01 21:16:20,0
-0.8200684539012082,0.14475744855285383,0.2107011573305897,1,HA_PV,True,2020-11-01 21:16:20,0
-0.5048160080547656,-0.1712303661597164,0.18289226362791214,1,HA_PV,True,2020-11-01 21:16:22,0
0.10714462211774685,-0.2797653112131646,0.17594004020224305,1,HA_PV,True,2020-11-01 21:16:22,1
-0.09684225460642484,-0.24267108948603683,0.13422669964822856,1,HA_PV,True,2020-11-01 21:16:23,0
0.2184101912400204,-0.19046440705526424,0.11337002937122008,1,HA_PV,True,2020-11-01 21:16:24,1
-0.18956356220832035,-0.13963158468845954,0.07860891224287467,1,HA_PV,True,2020-11-01 21:16:25,0
-0.22665208524907907,-0.10253736296133154,0.07165668881720559,1,HA_PV,True,2020-11-01 21:16:25,0
-0.24519634676945712,-0.08330332206578393,0.036895571688858944,1,HA_PV,True,2020-11-01 21:16:26,0
-0.05975373156566611,-0.07368630161801001,0.016038901411851696,1,HA_PV,True,2020-11-01 21:16:27,0
-0.24519634676945712,-0.06956472142610677,0.09946558251988191,1,HA_PV,True,2020-11-01 21:16:28,0
-0.2081078237286984,-0.06956472142610677,0.3080322852899593,1,HA_PV,True,2020-11-01 21:16:29,0
-0.5048160080547656,-0.06956472142610677,1.3856269162686894,1,HA_PV,True,2020-11-01 21:16:30,1
0.16277740667888363,-0.06956472142610677,1.990470354301913,1,HA_PV,True,2020-11-01 21:16:30,1
0.34822002188267465,-0.06956472142610677,2.6995971437201742,1,HA_PV,True,2020-11-01 21:16:31,1
1.1270790057385973,-0.06956472142610677,2.817784941956551,1,HA_PV,True,2020-11-01 21:16:32,1
1.6463183283092118,-0.06956472142610677,2.796928271679544,1,HA_PV,True,2020-11-01 21:16:32,1
2.184101912400204,-0.06956472142610677,3.582529518780166,1,HA_PV,True,2020-11-01 21:16:34,1
2.0172035587167936,-0.06956472142610677,3.6242428593341818,1,HA_PV,True,2020-11-01 21:16:34,1
2.369544527603995,-0.06956472142610677,3.464341720543789,1,HA_PV,True,2020-11-01 21:16:35,1
2.536442881287408,-0.06956472142610677,2.942924963618597,1,HA_PV,True,2020-11-01 21:16:35,1
3.0000494192968854,-0.06956472142610677,2.3311293021597055,1,HA_PV,True,2020-11-01 21:16:36,1
3.3338461266637087,-0.06956472142610677,2.171228163369313,1,HA_PV,True,2020-11-01 21:16:37,1
3.7789084031528084,-0.06956472142610677,2.073897035409943,1,HA_PV,True,2020-11-01 21:16:37,1
4.0014395413973585,-0.06956472142610677,1.997422577727582,1,HA_PV,True,2020-11-01 21:16:38,1
4.298147725723423,-0.06956472142610677,1.8653303326398671,1,HA_PV,True,2020-11-01 21:16:39,1
4.0014395413973585,-0.06544314123420376,1.7610469812548284,1,HA_PV,True,2020-11-01 21:16:39,1
3.1669477729802984,-0.03659207989088225,1.6776203001467969,1,HA_PV,True,2020-11-01 21:16:40,1
1.5535970207073162,0.022483902859728937,1.5802891721874286,1,HA_PV,True,2020-11-01 21:16:40,0
-0.04120947004528806,0.11178480701762906,1.4481969270997124,1,HA_PV,True,2020-11-01 21:16:41,1
-0.9498782845438625,0.18597325047188484,1.3161046820119973,1,HA_PV,True,2020-11-01 21:16:42,1
-1.339307776471825,0.26016169392614036,1.357818022566013,1,HA_PV,True,2020-11-01 21:16:43,0
-1.02405533062538,0.34808873802007306,1.5385758316334128,1,HA_PV,True,2020-11-01 21:16:44,0
-1.2465864688699297,0.4154078811544903,1.4134358099713669,1,HA_PV,True,2020-11-01 21:16:45,0
-1.0982323767068947,0.4799793041609721,1.288295788309321,1,HA_PV,True,2020-11-01 21:16:46,1
-0.9127897615031038,0.5404291469755508,1.1353468729445975,1,HA_PV,True,2020-11-01 21:16:47,1
-0.5233602695751436,0.6242346108775801,1.1144902026675902,1,HA_PV,True,2020-11-01 21:16:47,1
-0.3193733928509746,0.7272741156751575,1.0449679684108968,1,HA_PV,True,2020-11-01 21:16:48,1
-0.5233602695751436,0.834435200664638,0.9615412873028666,1,HA_PV,True,2020-11-01 21:16:49,1
-0.13393077764718356,0.9443440057820539,0.9684935107285357,1,HA_PV,True,2020-11-01 21:16:49,0
-0.04120947004528806,1.0570005310274047,1.0310635215595587,1,HA_PV,True,2020-11-01 21:16:51,1
-0.11538651612680288,1.1669093361448206,1.5872413956130975,1,HA_PV,True,2020-11-01 21:16:51,0
-0.5419045310955217,1.3015476224136548,2.3658904192880508,1,HA_PV,True,2020-11-01 21:16:52,0
-0.3379176543713526,1.425195028170748,2.053040365132936,1,HA_PV,True,2020-11-01 21:16:53,0
0.31113149884191593,1.5268606729043572,2.1086581525382897,1,HA_PV,True,2020-11-01 21:16:54,0
0.5892954216476024,1.592805955974807,2.0947537056869505,1,HA_PV,True,2020-11-01 21:16:54,0
1.0529019596570799,1.6711159796209656,1.7610469812548284,1,HA_PV,True,2020-11-01 21:16:56,0
1.1456232672589755,1.7274442422436413,1.684572523572466,1,HA_PV,True,2020-11-01 21:16:56,0
1.0529019596570799,1.742556702947286,1.6359069595927824,1,HA_PV,True,2020-11-01 21:16:57,0
1.1270790057385973,1.7164533617318993,1.496862491079397,1,HA_PV,True,2020-11-01 21:16:58,0
0.31113149884191593,1.623030877382096,1.4134358099713669,1,HA_PV,True,2020-11-01 21:16:58,0
0.051511837556607445,-0.10803280321720245,1.0866813089649126,0,LA_PV,True,2020-11-01 21:17:11,0
0.700560990769876,-0.0022455782916898184,1.0727768621135745,0,LA_PV,True,2020-11-01 21:17:12,0
0.49657411404570695,0.166739209576337,1.0727768621135745,0,LA_PV,True,2020-11-01 21:17:12,0
1.3496101439831445,0.2656571341820113,1.0241112981338896,0,LA_PV,True,2020-11-01 21:17:13,0
2.2582789584817213,0.3357239974443638,0.9476368404515285,0,LA_PV,True,2020-11-01 21:17:14,0
3.2040362960210547,0.452502102881618,0.9476368404515285,0,LA_PV,True,2020-11-01 21:17:14,1
3.092770726898781,0.5747756485747432,0.9337323936001891,0,LA_PV,True,2020-11-01 21:17:15,1
2.7404297580115773,0.7052923546516743,0.864210159343497,0,LA_PV,True,2020-11-01 21:17:16,0
1.794672420472244,0.7877239584897361,0.8224968187894826,0,LA_PV,True,2020-11-01 21:17:17,0
2.4437215736855125,0.8371829207925734,0.7877357016611358,0,LA_PV,True,2020-11-01 21:17:17,0
1.776128158951866,0.8564169616881212,0.7529745845327892,0,LA_PV,True,2020-11-01 21:17:18,0
0.867459344453289,0.8316874805367025,0.739070137681451,0,LA_PV,True,2020-11-01 21:17:18,0
0.08860036059736617,0.8042102792573486,0.6904045737017662,0,LA_PV,True,2020-11-01 21:17:20,0
-0.2081078237286984,0.7808546581698977,0.66259567999909,0,LA_PV,True,2020-11-01 21:17:20,0
-0.04120947004528806,0.7739853578500592,0.6486912331477518,0,LA_PV,True,2020-11-01 21:17:21,0
0.44094132948457015,0.7808546581698977,0.600025669168067,0,LA_PV,True,2020-11-01 21:17:22,0
0.03296757603622939,0.8316874805367025,0.5722167754653894,0,LA_PV,True,2020-11-01 21:17:22,0
-0.04120947004528806,0.8632862620079598,0.5652645520397203,0,LA_PV,True,2020-11-01 21:17:23,0
-0.3379176543713526,0.8976327636071523,0.5235512114857046,0,LA_PV,True,2020-11-01 21:17:24,0
-0.37500617741211134,0.9237361048225382,0.46793342408035066,0,LA_PV,True,2020-11-01 21:17:26,0
-0.7458914078196934,0.9086236441188935,0.46793342408035066,0,LA_PV,True,2020-11-01 21:17:26,0
0.10714462211774685,0.8632862620079598,0.42622008352633617,0,LA_PV,True,2020-11-01 21:17:27,0
-0.43063896197324814,0.8165750198330578,0.40536341324932773,0,LA_PV,True,2020-11-01 21:17:27,0
-0.6346258386974172,0.7547513169545116,0.3636500726953132,0,LA_PV,True,2020-11-01 21:17:28,0
-0.9313340230234844,0.6709458530524819,0.34974562584397384,0,LA_PV,True,2020-11-01 21:17:29,0
-0.8942454999827256,0.5033349252484229,0.30108006186429026,0,LA_PV,True,2020-11-01 21:17:30,0
-0.09684225460642484,0.316489956548816,0.28717561501295086,0,LA_PV,True,2020-11-01 21:17:31,0
-0.5975373156566611,0.10491550669779072,0.2524144978846054,0,LA_PV,True,2020-11-01 21:17:32,0
-0.6346258386974172,-0.23168020897429525,0.23155782760759694,0,LA_PV,True,2020-11-01 21:17:32,0
-0.6902586232585566,-0.6300996275249274,0.20374893390492063,0,LA_PV,True,2020-11-01 21:17:33,0
-0.4120947004528701,-0.8169445962245342,0.18289226362791214,0,LA_PV,True,2020-11-01 21:17:34,0
0.014423314515851349,-0.8828898792949836,0.1550833699252358,0,LA_PV,True,2020-11-01 21:17:35,0
-0.43063896197324814,-0.9337227016617885,0.14813114649956674,0,LA_PV,True,2020-11-01 21:17:35,0
-0.3193733928509746,-1.0340144863314304,0.12727447622255947,0,LA_PV,True,2020-11-01 21:17:37,0
-0.37500617741211134,-1.049126947035075,0.106417805945551,0,LA_PV,True,2020-11-01 21:17:37,0
0.34822002188267465,-1.0463792269071397,0.07860891224287467,0,LA_PV,True,2020-11-01 21:17:38,1
-0.13393077764718356,-1.0298929061395272,0.05775224196586619,0,LA_PV,True,2020-11-01 21:17:39,0
-0.6346258386974172,-0.958452182813207,0.04384779511452803,0,LA_PV,True,2020-11-01 21:17:40,0
-1.0611438536661386,-0.7935889751370833,0.02994334826318986,0,LA_PV,True,2020-11-01 21:17:40,0
-1.2651307303903077,-0.645212088228572,-0.004817768865156786,0,LA_PV,True,2020-11-01 21:17:42,0
-0.5419045310955217,-0.49683520132006076,-0.011769992290825867,0,LA_PV,True,2020-11-01 21:17:42,0
-0.46772748501400685,-0.39516955658645114,-0.0395788859935022,0,LA_PV,True,2020-11-01 21:17:43,0
-0.5789930541362804,-0.3676923553070972,-0.06738777969617976,0,LA_PV,True,2020-11-01 21:17:44,0
-0.4120947004528701,-0.3676923553070972,-0.08129222654751793,0,LA_PV,True,2020-11-01 21:17:45,0
-0.4120947004528701,-0.36631849524312954,-0.09519667339885608,0,LA_PV,True,2020-11-01 21:17:45,0
-0.11538651612680288,-0.36219691505122636,-0.09519667339885608,0,LA_PV,True,2020-11-01 21:17:46,0
0.38530854492343336,-0.35807533485932325,-0.09519667339885608,0,LA_PV,True,2020-11-01 21:17:47,0
0.03296757603622939,-0.3553276147313879,-0.12300556710153365,0,LA_PV,True,2020-11-01 21:17:48,0
-0.37500617741211134,-0.35395375466742024,-0.1438622373785409,0,LA_PV,True,2020-11-01 21:17:49,0
-0.6717143617381759,-0.359449194923291,-0.1647189076555494,0,LA_PV,True,2020-11-01 21:17:50,0
-0.7088028847789346,-0.37044007543503255,-0.17862335450688754,0,LA_PV,True,2020-11-01 21:17:50,0
-0.05975373156566611,-0.41165587735406356,-0.21338447163523294,0,LA_PV,True,2020-11-01 21:17:52,0
0.08860036059736617,-0.43226377831357893,-0.23424114191224144,0,LA_PV,True,2020-11-01 21:17:53,0
0.03296757603622939,-0.4583671195289652,-0.2481455887635796,0,LA_PV,True,2020-11-01 21:17:54,0
0.47802985252532887,-0.4858443208083192,-0.2550978121892487,0,LA_PV,True,2020-11-01 21:17:54,1
0.867459344453289,-0.5050783617038669,-0.28290670589192624,0,LA_PV,True,2020-11-01 21:17:55,0
0.9787249135755625,-0.5174431022795761,-0.2968111527432644,0,LA_PV,True,2020-11-01 21:17:56,0
0.700560990769876,-0.5215646824714792,-0.3107155995946026,0,LA_PV,True,2020-11-01 21:17:57,1
0.12568888363812492,-0.5146953821516408,-0.1994800247838948,0,LA_PV,True,2020-11-01 21:17:57,0
-0.22665208524907907,-0.48721818087228685,0.39145896639798955,0,LA_PV,True,2020-11-01 21:17:58,0
-0.8386127154215889,-0.4528716792730944,0.474885647506021,0,LA_PV,True,2020-11-01 21:17:59,0
-0.02266520852490738,-0.42539447799374047,0.2593667213102745,0,LA_PV,True,2020-11-01 21:18:00,0
-0.18956356220832035,-0.44462851888928817,0.18984448705358245,0,LA_PV,True,2020-11-01 21:18:01,0
-0.5233602695751436,-0.5243124025994146,0.09946558251988191,0,LA_PV,True,2020-11-01 21:18:02,0
-0.48627174653438493,-0.708409651171086,0.07165668881720559,0,LA_PV,True,2020-11-01 21:18:02,0
-0.5604487926159024,-0.8911330396787898,0.02994334826318986,0,LA_PV,True,2020-11-01 21:18:03,0
0.10714462211774685,-0.999667984732238,0.00908667798618138,0,LA_PV,True,2020-11-01 21:18:04,1
-0.13393077764718356,0.030727063243534945,0.11337002937122008,0,LA_NV,False,2020-11-01 21:18:14,0
0.16277740667888363,0.030727063243534945,0.106417805945551,0,LA_NV,False,2020-11-01 21:18:15,0
0.7932822983717714,0.0389702236273412,0.05775224196586619,0,LA_NV,False,2020-11-01 21:18:16,0
1.0529019596570799,0.04858724407511512,0.00908667798618138,0,LA_NV,False,2020-11-01 21:18:17,0
0.9416363905348064,0.05683040445892137,-0.011769992290825867,0,LA_NV,False,2020-11-01 21:18:18,0
0.47802985252532887,0.06919514503463062,-0.032626662567833115,0,LA_NV,False,2020-11-01 21:18:18,0
-0.6717143617381759,0.08430760573827521,-0.06043555627051068,0,LA_NV,False,2020-11-01 21:18:19,0
-0.7088028847789346,0.10216778656985538,-0.08129222654751793,0,LA_NV,False,2020-11-01 21:18:20,0
-0.37500617741211134,0.11453252714556464,-0.10910112025019549,0,LA_NV,False,2020-11-01 21:18:21,0
-0.9498782845438625,0.12552340765730624,-0.11605334367586458,0,LA_NV,False,2020-11-01 21:18:21,0
-1.209497945829171,0.13651428816904781,-0.15081446080421,0,LA_NV,False,2020-11-01 21:18:23,0
-1.02405533062538,0.15025288880872475,-0.1647189076555494,0,LA_NV,False,2020-11-01 21:18:23,0
-0.5048160080547656,0.16399148944840167,-0.1994800247838948,0,LA_NV,False,2020-11-01 21:18:24,0
-0.004120947004529333,0.17086078976824026,-0.21338447163523294,0,LA_NV,False,2020-11-01 21:18:25,0
-0.05975373156566611,0.16536534951236934,-0.22728891848657234,0,LA_NV,False,2020-11-01 21:18:26,0
-0.2081078237286984,0.1461313086168215,-0.2550978121892487,0,LA_NV,False,2020-11-01 21:18:27,0
-0.48627174653438493,0.10628936676175839,-0.26205003561491774,0,LA_NV,False,2020-11-01 21:18:27,0
-0.5975373156566611,0.00874530222005177,-0.28290670589192624,0,LA_NV,False,2020-11-01 21:18:29,0
-0.37500617741211134,-0.13688386456052395,-0.2968111527432644,0,LA_NV,False,2020-11-01 21:18:29,0
-0.05975373156566611,-0.34433673421964633,-0.3107155995946026,0,LA_NV,False,2020-11-01 21:18:30,0
-0.43063896197324814,-0.6493336684204751,-0.3246200464459407,0,LA_NV,False,2020-11-01 21:18:31,1
-0.3935504389324894,-0.9186102409581437,-0.3315722698716098,0,LA_NV,False,2020-11-01 21:18:31,0
-0.26374060828983514,-1.0353883463953981,-0.3593811635742874,0,LA_NV,False,2020-11-01 21:18:32,1
0.23695445276039845,-1.0738564281864935,-0.3663333869999565,0,LA_NV,False,2020-11-01 21:18:33,0
-0.43063896197324814,-1.0463792269071397,-0.3802378338512946,0,LA_NV,False,2020-11-01 21:18:34,1
-0.5419045310955217,-0.9666953431970132,-0.3871900572769637,0,LA_NV,False,2020-11-01 21:18:35,1
-0.7829799308604521,-0.899376200062596,-0.3941422807026328,0,LA_NV,False,2020-11-01 21:18:36,1
-0.3008291313305939,-0.8801421591670482,-0.4010945041283031,0,LA_NV,False,2020-11-01 21:18:36,0
0.23695445276039845,-0.8471695176318235,-0.4219511744053104,0,LA_NV,False,2020-11-01 21:18:37,0
-0.04120947004528806,-0.8224400364804049,-0.4289033978309794,0,LA_NV,False,2020-11-01 21:18:38,0
-0.17101930068793966,-0.799084415392954,-0.4428078446823176,0,LA_NV,False,2020-11-01 21:18:39,0
-0.43063896197324814,-0.7771026543694709,-0.4497600681079867,0,LA_NV,False,2020-11-01 21:18:40,1
-0.3193733928509746,-0.7688594939856648,-0.4636645149593261,0,LA_NV,False,2020-11-01 21:18:41,1
-0.13393077764718356,-0.763364053729794,-0.47756896181066427,0,LA_NV,False,2020-11-01 21:18:41,0
-0.9684225460642432,-0.7400084326423432,-0.4984256320876715,0,LA_NV,False,2020-11-01 21:18:42,1
-1.2465864688699297,-0.6795585898277644,-0.5053778555133406,0,LA_NV,False,2020-11-01 21:18:43,1
-1.6174716992775118,-0.5847622454139934,-0.526234525790349,0,LA_NV,False,2020-11-01 21:18:44,0
-0.8015241923808302,-0.48172274061641607,-0.5470911960673563,0,LA_NV,False,2020-11-01 21:18:45,1
-0.5975373156566611,-0.38005709588280645,-0.5540434194930254,0,LA_NV,False,2020-11-01 21:18:46,1
-0.6160815771770392,-0.2797653112131646,-0.5749000897700333,0,LA_NV,False,2020-11-01 21:18:47,1
-0.46772748501400685,-0.21107230801477975,-0.5818523131957023,0,LA_NV,False,2020-11-01 21:18:47,1
-0.37500617741211134,-0.20008142750303815,-0.5957567600470411,0,LA_NV,False,2020-11-01 21:18:48,0
0.25549871428077914,-0.19321212718319958,-0.6096612068983793,0,LA_NV,False,2020-11-01 21:18:49,0
0.08860036059736617,-0.18909054699129657,-0.6235656537497181,0,LA_NV,False,2020-11-01 21:18:49,0
-0.24519634676945712,-0.19458598724716725,-0.6374701006010562,0,LA_NV,False,2020-11-01 21:18:50,0
-0.8015241923808302,-0.19870756743907048,-0.644422324026726,0,LA_NV,False,2020-11-01 21:18:51,1
-0.43063896197324814,-0.20969844795081208,-0.6583267708780641,0,LA_NV,False,2020-11-01 21:18:52,0
-0.24519634676945712,-0.23305406903826292,-0.6722312177294029,0,LA_NV,False,2020-11-01 21:18:53,0
-0.3193733928509746,-0.26053127031761675,-0.686135664580741,0,LA_NV,False,2020-11-01 21:18:54,0
-0.18956356220832035,-0.29625163198077686,-0.6930878880064101,0,LA_NV,False,2020-11-01 21:18:55,0
0.10714462211774685,-0.3512060345394848,-0.7000401114320798,0,LA_NV,False,2020-11-01 21:18:55,0
0.9230921290144257,-0.39516955658645114,-0.713944558283418,0,LA_NV,False,2020-11-01 21:18:56,1
0.7191052522902567,-0.43226377831357893,-0.7278490051347561,0,LA_NV,False,2020-11-01 21:18:57,1
0.07005609907698812,-0.46386255978483604,-0.748705675411764,0,LA_NV,False,2020-11-01 21:18:58,0
-0.07829799308604415,-0.4858443208083192,-0.7556578988374331,0,LA_NV,False,2020-11-01 21:18:59,1
-0.6346258386974172,-0.5119476620237053,-0.7626101222631028,0,LA_NV,False,2020-11-01 21:18:59,1
-0.04120947004528806,-0.5146953821516408,-0.776514569114441,0,LA_NV,False,2020-11-01 21:19:00,1
-0.35646191589173065,-0.5820145252860579,-0.7904190159657798,0,LA_NV,False,2020-11-01 21:19:01,1
-0.35646191589173065,-0.7427561527702785,-0.7973712393914488,0,LA_NV,False,2020-11-01 21:19:02,1
-0.07829799308604415,-0.9886771042204964,-0.7973712393914488,0,LA_NV,False,2020-11-01 21:19:03,1
0.014423314515851349,-1.1068290697217182,-0.811275686242787,0,LA_NV,False,2020-11-01 21:19:03,0
0.6634724677291199,-1.0752302882504612,-0.8321323565197949,0,LA_NV,False,2020-11-01 21:19:04,0
0.10714462211774685,-0.9254795412779823,-0.8321323565197949,0,LA_NV,False,2020-11-01 21:19:05,1
-0.04120947004528806,-0.8444217975038881,-0.8321323565197949,0,LA_NV,False,2020-11-01 21:19:06,1
-0.37500617741211134,-0.9350965617257562,-0.8321323565197949,0,LA_NV,False,2020-11-01 21:19:06,1
0.16277740667888363,-1.0230236058196889,-0.8460368033711336,0,LA_NV,False,2020-11-01 21:19:07,0
-0.2081078237286984,-1.076604148314429,-0.8668934736481408,0,LA_NV,False,2020-11-01 21:19:09,1
-0.43063896197324814,-1.0642394077387196,-0.8668934736481408,0,LA_NV,False,2020-11-01 21:19:09,1
-0.5789930541362804,-1.0202758856917533,-0.8668934736481408,0,LA_NV,False,2020-11-01 21:19:10,1
-0.6160815771770392,-1.0024157048601734,-0.8877501439251487,0,LA_NV,False,2020-11-01 21:19:11,1
-0.11538651612680288,-0.9845555240285931,-0.8947023673508179,0,LA_NV,False,2020-11-01 21:19:11,1
-0.1524750391675616,-1.0024157048601734,-0.9225112610534948,0,LA_NV,False,2020-11-01 21:19:12,1
-0.28228486981021583,-1.0298929061395272,-0.9294634844791638,0,LA_NV,False,2020-11-01 21:19:13,1
1.256888836381249,-0.44600237895325595,-0.011769992290825867,1,HA_NV,True,2020-11-01 21:19:28,0
0.40385280644381144,-0.36357077511519403,0.07860891224287467,1,HA_NV,True,2020-11-01 21:19:29,0
0.700560990769876,-0.2989993521087123,-0.032626662567833115,1,HA_NV,True,2020-11-01 21:19:30,0
0.07005609907698812,-0.23717564923016593,-0.12995779052720274,1,HA_NV,True,2020-11-01 21:19:30,0
0.27404297580115716,-0.17397808628765196,-0.22033669506090203,1,HA_NV,True,2020-11-01 21:19:32,0
-0.004120947004529333,-0.11215438340910545,-0.24119336533791053,1,HA_NV,True,2020-11-01 21:19:32,0
0.2184101912400204,-0.05857384091436518,-0.2759544824662559,1,HA_NV,True,2020-11-01 21:19:33,0
-0.22665208524907907,-0.031096639635011334,-0.3315722698716098,1,HA_NV,True,2020-11-01 21:19:34,0
-0.1524750391675616,-0.018731899059302077,-0.3454767167229492,1,HA_NV,True,2020-11-01 21:19:34,0
0.44094132948457015,-0.054452260722462176,-0.4219511744053104,1,HA_NV,True,2020-11-01 21:19:36,0
0.7932822983717714,-0.08605104219371927,-0.4358556212566485,1,HA_NV,True,2020-11-01 21:19:37,0
0.8303708214125303,-0.13276228436862095,-0.4497600681079867,1,HA_NV,True,2020-11-01 21:19:38,0
0.7561937753310154,-0.18359510673542564,-0.4636645149593261,1,HA_NV,True,2020-11-01 21:19:38,0
0.5522068986068437,-0.23580178916619826,-0.4845211852363333,1,HA_NV,True,2020-11-01 21:19:39,0
0.32967576036229396,-0.28800847159697074,-0.5053778555133406,1,HA_NV,True,2020-11-01 21:19:40,0
0.700560990769876,-0.34296287415567867,-0.51928230236468,1,HA_NV,True,2020-11-01 21:19:41,1
0.10714462211774685,-0.4198990377378697,-0.4984256320876715,1,HA_NV,True,2020-11-01 21:19:41,0
0.14423314515850294,-0.6026224262455734,-0.4845211852363333,1,HA_NV,True,2020-11-01 21:19:42,0
-0.1524750391675616,-0.6823063099556999,-0.512330078939011,1,HA_NV,True,2020-11-01 21:19:43,0
0.12568888363812492,-0.7674856339216971,-0.5331867492160182,1,HA_NV,True,2020-11-01 21:19:44,0
0.2184101912400204,-0.8938807598067252,-0.5540434194930254,1,HA_NV,True,2020-11-01 21:19:45,0
-0.02266520852490738,-1.003789564924141,-0.5609956429186951,1,HA_NV,True,2020-11-01 21:19:45,0
-0.05975373156566611,-1.0120327253079473,-0.5401389726416872,1,HA_NV,True,2020-11-01 21:19:46,0
0.10714462211774685,-0.9186102409581437,-0.5679478663443642,1,HA_NV,True,2020-11-01 21:19:47,0
0.867459344453289,-0.7771026543694709,-0.5679478663443642,1,HA_NV,True,2020-11-01 21:19:47,0
0.6634724677291199,-0.7413822927063108,-0.5957567600470411,1,HA_NV,True,2020-11-01 21:19:49,0
0.47802985252532887,-0.7688594939856648,-0.616613430324049,1,HA_NV,True,2020-11-01 21:19:50,0
-0.004120947004529333,-0.8444217975038881,-0.6235656537497181,1,HA_NV,True,2020-11-01 21:19:50,0
-0.48627174653438493,-0.9433397221095624,-0.6305178771753871,1,HA_NV,True,2020-11-01 21:19:51,1
0.08860036059736617,-1.049126947035075,-0.644422324026726,1,HA_NV,True,2020-11-01 21:19:52,0
-0.18956356220832035,-1.1150722301055245,-0.6374701006010562,1,HA_NV,True,2020-11-01 21:19:52,1
-0.26374060828983514,-1.1288108307452014,-0.6652789943037332,1,HA_NV,True,2020-11-01 21:19:53,1
-0.35646191589173065,-1.112324509977589,-0.686135664580741,1,HA_NV,True,2020-11-01 21:19:55,1
-0.4120947004528701,-1.080725728506332,-0.686135664580741,1,HA_NV,True,2020-11-01 21:19:55,1
0.07005609907698812,-1.045005366843172,-0.7069923348577489,1,HA_NV,True,2020-11-01 21:19:56,0
-0.5419045310955217,-0.9969202646043025,-0.7278490051347561,1,HA_NV,True,2020-11-01 21:19:57,1
-0.6717143617381759,-0.9213579610860793,-0.7278490051347561,1,HA_NV,True,2020-11-01 21:19:57,1
-0.6346258386974172,-0.8320570569281789,-0.7556578988374331,1,HA_NV,True,2020-11-01 21:19:58,1
-0.04120947004528806,-0.7482515930261493,-0.7626101222631028,1,HA_NV,True,2020-11-01 21:19:59,1
0.515118375566085,-0.658950688868249,-0.7695623456887719,1,HA_NV,True,2020-11-01 21:19:59,0
0.25549871428077914,-0.6081178665014442,-0.7834667925401101,1,HA_NV,True,2020-11-01 21:20:01,0
0.12568888363812492,-0.5737713649022518,-0.7973712393914488,1,HA_NV,True,2020-11-01 21:20:01,0
-0.5048160080547656,-0.5449203035589302,-0.811275686242787,1,HA_NV,True,2020-11-01 21:20:02,1
-1.0055110691049993,-0.5037045016398992,-0.8251801330941257,1,HA_NV,True,2020-11-01 21:20:03,1
-0.5419045310955217,-0.45561939940102975,-0.8321323565197949,1,HA_NV,True,2020-11-01 21:20:04,1
-0.9498782845438625,-0.4391330786334174,-0.8529890267968027,1,HA_NV,True,2020-11-01 21:20:05,1
-1.0611438536661386,-0.43088991824961126,-0.8599412502224718,1,HA_NV,True,2020-11-01 21:20:05,1
-0.7273471462993127,-0.41715131760993435,-0.8738456970738105,1,HA_NV,True,2020-11-01 21:20:07,1
-0.37500617741211134,-0.40478657703422494,-0.8668934736481408,1,HA_NV,True,2020-11-01 21:20:07,1
0.38530854492343336,-0.4157774575459665,-0.8738456970738105,1,HA_NV,True,2020-11-01 21:20:08,0
0.14423314515850294,-0.46248869972086837,-0.8807979204994797,1,HA_NV,True,2020-11-01 21:20:09,0
-0.17101930068793966,-0.5888838256058965,-0.8877501439251487,1,HA_NV,True,2020-11-01 21:20:09,1
-0.35646191589173065,-0.7509993131540847,-0.9086068142021566,1,HA_NV,True,2020-11-01 21:20:10,1
-0.6531701002177979,-0.9144886607662406,-0.9225112610534948,1,HA_NV,True,2020-11-01 21:20:12,1
-0.11538651612680288,-1.0367622064593658,-0.9225112610534948,1,HA_NV,True,2020-11-01 21:20:12,1
-0.6531701002177979,-1.062865547674752,-0.9433679313305027,1,HA_NV,True,2020-11-01 21:20:13,1
-0.7644356693400715,-1.0353883463953981,-0.9503201547561717,1,HA_NV,True,2020-11-01 21:20:14,1
-0.8571569769419669,-1.007911145116044,-0.9642246016075106,1,HA_NV,True,2020-11-01 21:20:15,1
-0.18956356220832035,-0.994172544476367,-0.9711768250331796,1,HA_NV,True,2020-11-01 21:20:15,1
0.14423314515850294,-0.990050964284464,-0.9781290484588486,1,HA_NV,True,2020-11-01 21:20:16,0
-0.07829799308604415,-0.9831816639646255,-0.9850812718845178,1,HA_NV,True,2020-11-01 21:20:17,1
0.14423314515850294,-0.9570783227492393,-0.9989857187358565,1,HA_NV,True,2020-11-01 21:20:18,0
-0.3008291313305939,-0.8787682991030805,-1.0059379421615255,1,HA_NV,True,2020-11-01 21:20:19,1
0.12568888363812492,-0.7578686134739232,-1.0059379421615255,1,HA_NV,True,2020-11-01 21:20:19,0
0.8118265598921521,-0.704288070979183,-1.0198423890128645,1,HA_NV,True,2020-11-01 21:20:20,1
0.12568888363812492,-0.7097835112350538,-1.0267946124385334,1,HA_NV,True,2020-11-01 21:20:21,0
0.03296757603622939,-0.7564947534099555,-1.0476512827155413,1,HA_NV,True,2020-11-01 21:20:22,0
-0.5604487926159024,-0.8100752959046956,-1.0546035061412105,1,HA_NV,True,2020-11-01 21:20:22,1
-0.5975373156566611,-0.8622819783354683,-1.0685079529925485,1,HA_NV,True,2020-11-01 21:20:24,1
0.051511837556607445,-0.9350965617257562,-1.0754601764182177,1,HA_NV,True,2020-11-01 21:20:24,0
-0.4120947004528701,-0.9804339438366901,-1.0893646232695564,1,HA_NV,True,2020-11-01 21:20:25,1
-0.44918322349362616,-0.990050964284464,-1.0963168466952256,1,HA_NV,True,2020-11-01 21:20:26,1
-0.6346258386974172,-0.954330602621304,-1.1171735169722334,1,HA_NV,True,2020-11-01 21:20:27,1
-0.3379176543713526,-0.9076193604464022,-1.1380301872492413,1,HA_NV,True,2020-11-01 21:20:28,1
0.32967576036229396,-0.8622819783354683,-1.1380301872492413,1,HA_NV,True,2020-11-01 21:20:28,0
0.16277740667888363,-0.8155707361605664,-1.1310779638235715,1,HA_NV,True,2020-11-01 21:20:29,0
0.014423314515851349,-0.7743549342415356,-1.1241257403979026,1,HA_NV,True,2020-11-01 21:20:30,0
-0.22665208524907907,-0.7908412550091479,-1.1241257403979026,1,HA_NV,True,2020-11-01 21:20:31,0
0.014423314515851349,-0.8073275757767603,-1.1310779638235715,1,HA_NV,True,2020-11-01 21:20:32,0
-0.07829799308604415,-0.8293093368002435,-1.1380301872492413,1,HA_NV,True,2020-11-01 21:20:32,0
-0.35646191589173065,-0.8512910978237267,-1.1380301872492413,1,HA_NV,True,2020-11-01 21:20:33,1
-0.43063896197324814,-0.8650296984634036,-1.1588868575262485,1,HA_NV,True,2020-11-01 21:20:34,1
-0.1524750391675616,-0.8444217975038881,-1.1658390809519181,1,HA_NV,True,2020-11-01 21:20:34,0
0.49657411404570695,-0.8155707361605664,-1.1866957512289253,1,HA_NV,True,2020-11-01 21:20:36,0
0.44094132948457015,-0.7839719546893095,-1.1866957512289253,1,HA_NV,True,2020-11-01 21:20:36,0
0.867459344453289,-0.7386345725783755,-1.2075524215059332,1,HA_NV,True,2020-11-01 21:20:37,1
1.034357698136702,-0.6795585898277644,-1.2075524215059332,1,HA_NV,True,2020-11-01 21:20:38,1
1.2198003133404929,-0.6122394466933473,-1.2145046449316024,1,HA_NV,True,2020-11-01 21:20:38,1
1.3866986670239032,-0.5517896038787686,-1.2214568683572722,1,HA_NV,True,2020-11-01 21:20:39,1
0.36676428340305267,-0.4940874811921253,-1.2353613152086103,1,HA_NV,True,2020-11-01 21:20:40,0
-0.22665208524907907,-0.4350114984415144,-1.2423135386342794,1,HA_NV,True,2020-11-01 21:20:41,0
-0.7273471462993127,-0.38967411633058036,-1.2562179854856181,1,HA_NV,True,2020-11-01 21:20:42,1
-0.09684225460642484,-0.3264765533880663,-1.2701224323369562,1,HA_NV,True,2020-11-01 21:20:42,0
-0.3379176543713526,-0.22068932846255365,-1.2840268791882952,1,HA_NV,True,2020-11-01 21:20:43,0
-0.43063896197324814,-0.14787474507226556,-1.2840268791882952,1,HA_NV,True,2020-11-01 21:20:44,0
-0.2081078237286984,-0.09292034251355762,-1.2562179854856181,1,HA_NV,True,2020-11-01 21:20:45,0
0.2184101912400204,-0.07643402174594535,-1.2353613152086103,1,HA_NV,True,2020-11-01 21:20:46,0
1.0158134366163212,-0.07780788180991302,-1.2492657620599483,1,HA_NV,True,2020-11-01 21:20:47,0
0.867459344453289,-0.09429420257752552,-1.2631702089112873,1,HA_NV,True,2020-11-01 21:20:47,1
0.7932822983717714,-0.11490210353704079,-1.2840268791882952,1,HA_NV,True,2020-11-01 21:20:48,1
0.49657411404570695,-0.13825772462449162,-1.290979102613964,1,HA_NV,True,2020-11-01 21:20:49,0
-0.05975373156566611,-0.16848264603178106,-1.3257402197423103,1,HA_NV,True,2020-11-01 21:20:51,0
-0.35646191589173065,-0.25640969012571374,-1.3257402197423103,1,HA_NV,True,2020-11-01 21:20:51,0
0.08860036059736617,-0.30312093230061543,-1.3326924431679792,1,HA_NV,True,2020-11-01 21:20:51,0
-0.44918322349362616,-0.35395375466742024,-1.339644666593649,1,HA_NV,True,2020-11-01 21:20:52,0
-0.43063896197324814,-0.4061604370981927,-1.353549113444987,1,HA_NV,True,2020-11-01 21:20:53,0
-0.3193733928509746,-0.4528716792730944,-1.3605013368706562,1,HA_NV,True,2020-11-01 21:20:54,0
0.014423314515851349,-0.4885920409362545,-1.3674535602963258,1,HA_NV,True,2020-11-01 21:20:54,0
0.700560990769876,-0.5353032831111562,-1.3326924431679792,1,HA_NV,True,2020-11-01 21:20:55,1
