Device: samsung SM-G970U1; eSense app version: 4.9.0; android version: 10;
DESCRIPTION;VALUE
RECORDING NAME;Recording-30102020-211509;;;;
DATE (HH:MM:SS);30.10.20 21:15:09;;;;
TIME (HH:MM:SS);00:06:40;;;;
MAXIMUM;15.59 µS;;;;
MINIMUM;6.81 µS;;;;
DIFFERENCE MIN/MAX;8.78 µS;;;;
AVERAGE OF SESSION;9.62 µS;;;;
TIME INCREASE (HH:MM:SS);00:01:04;;;;
TIME STEADY (HH:MM:SS);00:00:17;;;;
TIME DECREASE (HH:MM:SS);00:05:17;;;;
;;;;;
TOTAL SCR;22;;;;
% of SCR OF SESSION;18.2%;;;;
Red hands;0;;;;
Orange hands;7;;;;
Yellow hands;41;;;;
Green hands;32;;;;
0-5 SCR/MIN (HH:MM:SS);00:06:14;;;;
6-9 SCR/MIN (HH:MM:SS);00:00:29;;;;
10-15 SCR/MIN (HH:MM:SS);00:00:00;;;;
>16 SCR/MIN (HH:MM:SS);00:00:00;;;;
STARS;3;;;;
STARS WITH RIBBON;0;;;;
;;;;;
STATISTICS;;;;;
SECOND;MICROSIEMENS;TIMESTAMP;SCR;SCR/MIN;MARKER
0.0;13.25;21:15:09:406;0;0;
0.2;13.05;21:15:09:606;0;0;
0.4;12.77;21:15:09:806;0;0;
0.6;12.61;21:15:10:006;0;0;
0.8;12.49;21:15:10:206;0;0;
1.0;12.34;21:15:10:406;0;0;
1.2;12.34;21:15:10:606;0;0;
1.4;12.26;21:15:10:806;0;0;
1.6;12.16;21:15:11:006;0;0;
1.8;12.12;21:15:11:206;0;0;
2.0;12.14;21:15:11:406;0;0;
2.2;12.17;21:15:11:606;0;0;
2.4;12.17;21:15:11:806;0;0;
2.6;12.16;21:15:12:006;0;0;
2.8;12.12;21:15:12:206;0;0;
3.0;12.12;21:15:12:406;0;0;
3.2;12.26;21:15:12:606;0;0;
3.4;12.26;21:15:12:806;0;0;
3.6;12.41;21:15:13:006;0;0;
3.8;12.54;21:15:13:206;0;0;
4.0;12.52;21:15:13:406;0;0;
4.2;12.46;21:15:13:606;0;0;
4.4;12.34;21:15:13:806;0;0;
4.6;12.34;21:15:14:006;1;0;
4.8;12.31;21:15:14:206;1;0;
5.0;12.33;21:15:14:406;1;0;
5.2;12.34;21:15:14:606;1;0;
5.4;12.30;21:15:14:806;1;0;
5.6;12.20;21:15:15:006;1;0;
5.8;12.20;21:15:15:206;1;0;
6.0;12.10;21:15:15:406;1;0;
6.2;11.94;21:15:15:606;1;0;
6.4;11.85;21:15:15:806;1;0;
6.6;11.72;21:15:16:006;1;0;
6.8;11.72;21:15:16:206;0;0;
7.0;11.64;21:15:16:406;0;0;
7.2;11.58;21:15:16:606;0;0;
7.4;11.48;21:15:16:806;0;1;
7.6;11.43;21:15:17:006;0;1;
7.8;11.36;21:15:17:206;0;1;
8.0;11.36;21:15:17:406;0;1;
8.2;11.33;21:15:17:606;0;1;
8.4;11.28;21:15:17:806;0;1;
8.6;11.24;21:15:18:006;0;1;
8.8;11.20;21:15:18:206;0;1;
9.0;11.17;21:15:18:406;0;1;
9.2;11.17;21:15:18:606;0;1;
9.4;11.18;21:15:18:806;0;1;
9.6;11.28;21:15:19:006;0;1;
9.8;11.34;21:15:19:206;0;1;
10.0;11.37;21:15:19:406;0;1;
10.2;11.37;21:15:19:606;0;1;
10.4;11.37;21:15:19:806;0;1;
10.6;11.33;21:15:20:006;0;1;
10.8;11.36;21:15:20:206;0;1;
11.0;11.51;21:15:20:406;0;1;
11.2;11.88;21:15:20:606;0;1;
11.4;11.88;21:15:20:806;0;1;
11.6;12.10;21:15:21:006;0;1;
11.8;12.43;21:15:21:206;0;1;
12.0;12.59;21:15:21:406;0;1;
12.2;12.67;21:15:21:606;0;1;
12.4;12.81;21:15:21:806;0;1;
12.6;12.81;21:15:22:006;0;1;
12.8;12.79;21:15:22:206;0;1;
13.0;12.57;21:15:22:406;0;1;
13.2;12.31;21:15:22:606;0;1;
13.4;12.04;21:15:22:806;0;1;
13.6;11.90;21:15:23:006;0;1;
13.8;11.90;21:15:23:206;0;1;
14.0;11.82;21:15:23:406;0;1;
14.2;11.80;21:15:23:606;0;1;
14.4;11.87;21:15:23:806;1;1;
14.6;12.13;21:15:24:006;1;1;
14.8;12.13;21:15:24:206;1;1;
15.0;12.38;21:15:24:406;1;1;
15.2;12.64;21:15:24:606;1;1;
15.4;13.11;21:15:24:806;1;1;
15.6;13.37;21:15:25:006;1;1;
15.8;13.62;21:15:25:206;1;1;
16.0;13.62;21:15:25:406;1;1;
16.2;13.68;21:15:25:606;1;2;
16.4;13.66;21:15:25:806;1;2;
16.6;13.54;21:15:26:006;1;2;
16.8;13.35;21:15:26:206;0;2;
17.0;13.05;21:15:26:406;0;2;
17.2;13.05;21:15:26:606;0;2;
17.4;12.89;21:15:26:806;0;2;
17.6;12.66;21:15:27:006;0;2;
17.8;12.51;21:15:27:206;0;2;
18.0;12.34;21:15:27:406;0;2;
18.2;12.34;21:15:27:606;0;2;
18.4;12.26;21:15:27:806;0;2;
18.6;12.20;21:15:28:006;1;2;
18.8;12.13;21:15:28:206;1;2;
19.0;12.05;21:15:28:406;1;2;
19.2;11.96;21:15:28:606;1;2;
19.4;11.96;21:15:28:806;1;2;
19.6;11.89;21:15:29:006;1;2;
19.8;11.81;21:15:29:206;0;3;
20.0;11.77;21:15:29:406;0;3;
20.2;11.75;21:15:29:606;0;3;
20.4;11.73;21:15:29:806;0;3;
20.6;11.73;21:15:30:006;0;3;
20.8;11.69;21:15:30:206;0;3;
21.0;11.63;21:15:30:406;0;3;
21.2;11.62;21:15:30:606;0;3;
21.4;11.70;21:15:30:806;0;3;
21.6;11.70;21:15:31:006;0;3;
21.8;11.84;21:15:31:206;0;3;
22.0;12.00;21:15:31:406;0;3;
22.2;12.15;21:15:31:606;0;3;
22.4;12.22;21:15:31:806;0;3;
22.6;12.32;21:15:32:006;0;3;
22.8;12.32;21:15:32:206;0;3;
23.0;12.33;21:15:32:406;0;3;
23.2;12.31;21:15:32:606;0;3;
23.4;12.29;21:15:32:806;0;3;
23.6;12.23;21:15:33:006;0;3;
23.8;12.14;21:15:33:206;0;3;
24.0;12.14;21:15:33:406;0;3;
24.2;12.06;21:15:33:606;0;3;
24.4;11.94;21:15:33:806;0;3;
24.6;11.85;21:15:34:006;0;3;
24.8;11.78;21:15:34:206;0;3;
25.0;11.78;21:15:34:406;0;3;
25.2;11.66;21:15:34:606;0;3;
25.4;11.59;21:15:34:806;0;3;
25.6;11.50;21:15:35:006;0;3;
25.8;11.46;21:15:35:206;1;3;
26.0;11.38;21:15:35:406;1;3;
26.2;11.38;21:15:35:606;1;3;
26.4;11.34;21:15:35:806;1;3;
26.6;11.30;21:15:36:006;1;4;
26.8;11.24;21:15:36:206;0;4;
27.0;11.20;21:15:36:406;0;4;
27.2;11.20;21:15:36:606;0;4;
27.4;11.16;21:15:36:806;0;4;
27.6;11.13;21:15:37:006;0;4;
27.8;11.07;21:15:37:206;0;4;
28.0;11.03;21:15:37:406;0;4;
28.2;11.00;21:15:37:606;0;4;
28.4;11.00;21:15:37:806;0;4;
28.6;10.97;21:15:38:006;0;4;
28.8;10.93;21:15:38:206;0;4;
29.0;10.89;21:15:38:406;0;4;
29.2;10.88;21:15:38:606;0;4;
29.4;10.86;21:15:38:806;0;4;
29.6;10.85;21:15:39:006;0;4;
29.8;10.88;21:15:39:206;0;4;
30.0;10.94;21:15:39:406;0;4;
30.2;11.04;21:15:39:606;0;4;
30.4;11.11;21:15:39:806;0;4;
30.6;11.14;21:15:40:006;0;4;
30.8;11.14;21:15:40:206;0;4;
31.0;11.13;21:15:40:406;0;4;
31.2;11.09;21:15:40:606;0;4;
31.4;11.04;21:15:40:806;0;4;
31.6;11.00;21:15:41:006;0;4;
31.8;10.99;21:15:41:206;0;4;
32.0;10.97;21:15:41:406;0;4;
32.2;10.95;21:15:41:606;0;4;
32.4;10.96;21:15:41:806;0;4;
32.6;11.00;21:15:42:006;0;4;
32.8;11.14;21:15:42:206;0;4;
33.0;11.24;21:15:42:406;0;4;
33.2;11.33;21:15:42:606;0;4;
33.4;11.53;21:15:42:806;0;4;
33.6;11.80;21:15:43:006;0;4;
33.8;12.07;21:15:43:206;1;4;
34.0;12.22;21:15:43:406;1;4;
34.2;12.29;21:15:43:606;1;4;
34.4;12.27;21:15:43:806;1;5;
34.6;12.18;21:15:44:006;1;5;
34.8;12.06;21:15:44:206;0;5;
35.0;11.93;21:15:44:406;0;5;
35.2;11.87;21:15:44:606;0;5;
35.4;11.78;21:15:44:806;0;5;
35.6;11.64;21:15:45:006;0;5;
35.8;11.53;21:15:45:206;0;5;
36.0;11.43;21:15:45:406;0;5;
36.2;11.35;21:15:45:606;0;5;
36.4;11.31;21:15:45:806;0;5;
36.6;11.29;21:15:46:006;0;5;
36.8;11.24;21:15:46:206;1;5;
37.0;11.19;21:15:46:406;1;5;
37.2;11.14;21:15:46:606;1;5;
37.4;11.09;21:15:46:806;1;5;
37.6;11.07;21:15:47:006;1;5;
37.8;11.05;21:15:47:206;0;6;
38.0;11.02;21:15:47:406;0;6;
38.2;10.99;21:15:47:606;0;6;
38.4;10.96;21:15:47:806;0;6;
38.6;10.94;21:15:48:006;0;6;
38.8;10.92;21:15:48:206;0;6;
39.0;10.88;21:15:48:406;0;6;
39.2;10.85;21:15:48:606;0;6;
39.4;10.82;21:15:48:806;0;6;
39.6;10.79;21:15:49:006;0;6;
39.8;10.77;21:15:49:206;0;6;
40.0;10.75;21:15:49:406;0;6;
40.2;10.73;21:15:49:606;0;6;
40.4;10.71;21:15:49:806;0;6;
40.6;10.68;21:15:50:006;0;6;
40.8;10.66;21:15:50:206;0;6;
41.0;10.65;21:15:50:406;0;6;
41.2;10.64;21:15:50:606;0;6;
41.4;10.62;21:15:50:806;0;6;
41.6;10.60;21:15:51:006;0;6;
41.8;10.59;21:15:51:206;0;6;
42.0;10.62;21:15:51:406;0;6;
42.2;10.64;21:15:51:606;0;6;
42.4;10.66;21:15:51:806;0;6;
42.6;10.72;21:15:52:006;0;6;
42.8;10.76;21:15:52:206;0;6;
43.0;10.76;21:15:52:406;0;6;
43.2;10.75;21:15:52:606;0;6;
43.4;10.73;21:15:52:806;0;6;
43.6;10.69;21:15:53:006;0;6;
43.8;10.63;21:15:53:206;0;6;
44.0;10.56;21:15:53:406;0;6;
44.2;10.52;21:15:53:606;0;6;
44.4;10.49;21:15:53:806;0;6;
44.6;10.47;21:15:54:006;0;6;
44.8;10.43;21:15:54:206;0;6;
45.0;10.40;21:15:54:406;0;6;
45.2;10.37;21:15:54:606;0;6;
45.4;10.33;21:15:54:806;0;6;
45.6;10.31;21:15:55:006;0;6;
45.8;10.29;21:15:55:206;0;6;
46.0;10.27;21:15:55:406;0;6;
46.2;10.25;21:15:55:606;0;6;
46.4;10.23;21:15:55:806;0;6;
46.6;10.21;21:15:56:006;0;6;
46.8;10.20;21:15:56:206;0;6;
47.0;10.17;21:15:56:406;0;6;
47.2;10.15;21:15:56:606;0;6;
47.4;10.13;21:15:56:806;0;6;
47.6;10.10;21:15:57:006;0;6;
47.8;10.09;21:15:57:206;0;6;
48.0;10.08;21:15:57:406;0;6;
48.2;10.07;21:15:57:606;0;6;
48.4;10.04;21:15:57:806;0;6;
48.6;10.02;21:15:58:006;0;6;
48.8;10.00;21:15:58:206;0;6;
49.0;9.99;21:15:58:406;0;6;
49.2;9.98;21:15:58:606;0;6;
49.4;9.96;21:15:58:806;0;6;
49.6;9.93;21:15:59:006;0;6;
49.8;9.93;21:15:59:206;0;6;
50.0;9.92;21:15:59:406;0;6;
50.2;9.91;21:15:59:606;0;6;
50.4;9.88;21:15:59:806;0;6;
50.6;9.86;21:16:00:006;0;6;
50.8;9.84;21:16:00:206;0;6;
51.0;9.82;21:16:00:406;0;6;
51.2;9.80;21:16:00:606;0;6;
51.4;9.79;21:16:00:806;0;6;
51.6;9.79;21:16:01:006;0;6;
51.8;9.77;21:16:01:206;0;6;
52.0;9.75;21:16:01:406;0;6;
52.2;9.73;21:16:01:606;0;6;
52.4;9.72;21:16:01:806;0;6;
52.6;9.71;21:16:02:006;0;6;
52.8;9.70;21:16:02:206;0;6;
53.0;9.71;21:16:02:406;0;6;
53.2;9.77;21:16:02:606;0;6;
53.4;9.81;21:16:02:806;0;6;
53.6;9.88;21:16:03:006;0;6;
53.8;9.99;21:16:03:206;0;6;
54.0;10.09;21:16:03:406;0;6;
54.2;10.13;21:16:03:606;0;6;
54.4;10.13;21:16:03:806;0;6;
54.6;10.12;21:16:04:006;0;6;
54.8;10.09;21:16:04:206;0;6;
55.0;10.04;21:16:04:406;0;6;
55.2;9.98;21:16:04:606;0;6;
55.4;9.93;21:16:04:806;0;6;
55.6;9.89;21:16:05:006;0;6;
55.8;9.86;21:16:05:206;0;6;
56.0;9.84;21:16:05:406;0;6;
56.2;9.82;21:16:05:606;0;6;
56.4;9.80;21:16:05:806;0;6;
56.6;9.77;21:16:06:006;0;6;
56.8;9.76;21:16:06:206;0;6;
57.0;9.75;21:16:06:406;0;6;
57.2;9.73;21:16:06:606;0;6;
57.4;9.71;21:16:06:806;0;6;
57.6;9.68;21:16:07:006;0;6;
57.8;9.66;21:16:07:206;0;6;
58.0;9.66;21:16:07:406;0;6;
58.2;9.65;21:16:07:606;0;6;
58.4;9.63;21:16:07:806;0;6;
58.6;9.61;21:16:08:006;0;6;
58.8;9.59;21:16:08:206;0;6;
59.0;9.58;21:16:08:406;0;6;
59.2;9.57;21:16:08:606;0;6;
59.4;9.57;21:16:08:806;0;6;
59.6;9.55;21:16:09:006;0;6;
59.8;9.54;21:16:09:206;0;6;
60.0;9.52;21:16:09:406;0;6;
60.2;9.52;21:16:09:606;0;6;
60.4;9.52;21:16:09:806;0;6;
60.6;9.52;21:16:10:006;0;6;
60.8;9.52;21:16:10:206;0;6;
61.0;9.52;21:16:10:406;0;6;
61.2;9.50;21:16:10:606;0;6;
61.4;9.50;21:16:10:806;0;6;
61.6;9.49;21:16:11:006;0;6;
61.8;9.47;21:16:11:206;0;6;
62.0;9.45;21:16:11:406;0;6;
62.2;9.43;21:16:11:606;0;6;
62.4;9.41;21:16:11:806;0;6;
62.6;9.40;21:16:12:006;0;6;
62.8;9.39;21:16:12:206;0;6;
63.0;9.39;21:16:12:406;0;6;
63.2;9.37;21:16:12:606;0;6;
63.4;9.34;21:16:12:806;0;6;
63.6;9.34;21:16:13:006;0;6;
63.8;9.33;21:16:13:206;0;6;
64.0;9.32;21:16:13:406;0;6;
64.2;9.30;21:16:13:606;0;6;
64.4;9.29;21:16:13:806;0;6;
64.6;9.29;21:16:14:006;0;6;
64.8;9.28;21:16:14:206;0;6;
65.0;9.27;21:16:14:406;0;6;
65.2;9.25;21:16:14:606;0;6;
65.4;9.25;21:16:14:806;0;6;
65.6;9.25;21:16:15:006;0;6;
65.8;9.23;21:16:15:206;0;6;
66.0;9.23;21:16:15:406;0;6;
66.2;9.23;21:16:15:606;0;6;
66.4;9.21;21:16:15:806;0;6;
66.6;9.21;21:16:16:006;0;6;
66.8;9.20;21:16:16:206;0;6;
67.0;9.19;21:16:16:406;0;6;
67.2;9.19;21:16:16:606;0;6;
67.4;9.19;21:16:16:806;0;5;
67.6;9.19;21:16:17:006;0;5;
67.8;9.20;21:16:17:206;0;5;
68.0;9.21;21:16:17:406;0;5;
68.2;9.21;21:16:17:606;0;5;
68.4;9.22;21:16:17:806;0;5;
68.6;9.22;21:16:18:006;0;5;
68.8;9.22;21:16:18:206;0;5;
69.0;9.23;21:16:18:406;0;5;
69.2;9.23;21:16:18:606;0;5;
69.4;9.21;21:16:18:806;0;5;
69.6;9.21;21:16:19:006;0;5;
69.8;9.20;21:16:19:206;0;5;
70.0;9.19;21:16:19:406;0;5;
70.2;9.16;21:16:19:606;0;5;
70.4;9.15;21:16:19:806;0;5;
70.6;9.13;21:16:20:006;0;5;
70.8;9.13;21:16:20:206;0;5;
71.0;9.12;21:16:20:406;0;5;
71.2;9.09;21:16:20:606;0;5;
71.4;9.09;21:16:20:806;0;5;
71.6;9.08;21:16:21:006;0;5;
71.8;9.07;21:16:21:206;0;5;
72.0;9.07;21:16:21:406;0;5;
72.2;9.07;21:16:21:606;0;5;
72.4;9.07;21:16:21:806;0;5;
72.6;9.05;21:16:22:006;0;5;
72.8;9.04;21:16:22:206;0;5;
73.0;9.04;21:16:22:406;0;5;
73.2;9.03;21:16:22:606;0;5;
73.4;9.02;21:16:22:806;0;5;
73.6;9.00;21:16:23:006;0;5;
73.8;9.00;21:16:23:206;0;5;
74.0;8.98;21:16:23:406;0;5;
74.2;8.98;21:16:23:606;0;5;
74.4;8.97;21:16:23:806;0;5;
74.6;8.96;21:16:24:006;0;5;
74.8;8.95;21:16:24:206;0;5;
75.0;8.94;21:16:24:406;0;5;
75.2;8.92;21:16:24:606;0;5;
75.4;8.92;21:16:24:806;0;5;
75.6;8.92;21:16:25:006;0;5;
75.8;8.90;21:16:25:206;0;5;
76.0;8.89;21:16:25:406;0;5;
76.2;8.89;21:16:25:606;0;4;
76.4;8.89;21:16:25:806;0;4;
76.6;8.88;21:16:26:006;0;4;
76.8;8.86;21:16:26:206;0;4;
77.0;8.85;21:16:26:406;0;4;
77.2;8.85;21:16:26:606;0;4;
77.4;8.83;21:16:26:806;0;4;
77.6;8.83;21:16:27:006;0;4;
77.8;8.82;21:16:27:206;0;4;
78.0;8.82;21:16:27:406;0;4;
78.2;8.80;21:16:27:606;0;4;
78.4;8.79;21:16:27:806;0;4;
78.6;8.80;21:16:28:006;0;4;
78.8;8.80;21:16:28:206;0;4;
79.0;8.82;21:16:28:406;0;4;
79.2;8.86;21:16:28:606;0;4;
79.4;8.92;21:16:28:806;0;4;
79.6;9.02;21:16:29:006;0;4;
79.8;9.22;21:16:29:206;0;3;
80.0;9.22;21:16:29:406;0;3;
80.2;9.43;21:16:29:606;0;3;
80.4;9.84;21:16:29:806;0;3;
80.6;10.19;21:16:30:006;0;3;
80.8;10.77;21:16:30:206;0;3;
81.0;10.77;21:16:30:406;0;3;
81.2;11.16;21:16:30:606;0;3;
81.4;11.45;21:16:30:806;0;3;
81.6;11.64;21:16:31:006;0;3;
81.8;11.96;21:16:31:206;0;3;
82.0;12.20;21:16:31:406;0;3;
82.2;12.33;21:16:31:606;0;3;
82.4;12.44;21:16:31:806;0;3;
82.6;12.66;21:16:32:006;0;3;
82.8;12.81;21:16:32:206;0;3;
83.0;12.86;21:16:32:406;0;3;
83.2;12.83;21:16:32:606;1;3;
83.4;12.80;21:16:32:806;1;3;
83.6;12.80;21:16:33:006;1;3;
83.8;12.96;21:16:33:206;1;3;
84.0;13.26;21:16:33:406;1;3;
84.2;13.56;21:16:33:606;1;3;
84.4;13.80;21:16:33:806;1;3;
84.6;13.88;21:16:34:006;1;3;
84.8;13.93;21:16:34:206;1;3;
85.0;14.00;21:16:34:406;1;3;
85.2;14.00;21:16:34:606;1;3;
85.4;13.99;21:16:34:806;1;3;
85.6;13.76;21:16:35:006;1;3;
85.8;13.76;21:16:35:206;1;3;
86.0;13.55;21:16:35:406;1;3;
86.2;13.22;21:16:35:606;1;3;
86.4;13.01;21:16:35:806;1;3;
86.6;12.82;21:16:36:006;1;3;
86.8;12.57;21:16:36:206;1;4;
87.0;12.57;21:16:36:406;1;3;
87.2;12.43;21:16:36:606;1;3;
87.4;12.24;21:16:36:806;1;3;
87.6;12.13;21:16:37:006;1;3;
87.8;11.98;21:16:37:206;1;3;
88.0;11.90;21:16:37:406;1;3;
88.2;11.90;21:16:37:606;1;3;
88.4;11.84;21:16:37:806;1;3;
88.6;11.76;21:16:38:006;1;3;
88.8;11.71;21:16:38:206;1;4;
89.0;11.65;21:16:38:406;1;4;
89.2;11.65;21:16:38:606;1;4;
89.4;11.59;21:16:38:806;1;4;
89.6;11.51;21:16:39:006;1;4;
89.8;11.46;21:16:39:206;1;4;
90.0;11.39;21:16:39:406;1;4;
90.2;11.31;21:16:39:606;1;4;
90.4;11.31;21:16:39:806;1;4;
90.6;11.26;21:16:40:006;1;4;
90.8;11.19;21:16:40:206;1;4;
91.0;11.14;21:16:40:406;1;4;
91.2;11.10;21:16:40:606;1;4;
91.4;11.05;21:16:40:806;1;4;
91.6;11.05;21:16:41:006;1;4;
91.8;11.01;21:16:41:206;1;4;
92.0;10.95;21:16:41:406;1;4;
92.2;10.91;21:16:41:606;1;4;
92.4;10.86;21:16:41:806;1;4;
92.6;10.86;21:16:42:006;1;4;
92.8;10.82;21:16:42:206;0;4;
93.0;10.79;21:16:42:406;0;4;
93.2;10.74;21:16:42:606;0;4;
93.4;10.71;21:16:42:806;0;4;
93.6;10.67;21:16:43:006;0;4;
93.8;10.67;21:16:43:206;0;4;
94.0;10.68;21:16:43:406;0;4;
94.2;10.73;21:16:43:606;0;4;
94.4;10.78;21:16:43:806;0;4;
94.6;10.85;21:16:44:006;0;3;
94.8;10.95;21:16:44:206;0;3;
95.0;10.95;21:16:44:406;0;3;
95.2;10.99;21:16:44:606;0;3;
95.4;10.97;21:16:44:806;0;3;
95.6;10.94;21:16:45:006;0;3;
95.8;10.87;21:16:45:206;0;3;
96.0;10.87;21:16:45:406;0;3;
96.2;10.81;21:16:45:606;0;3;
96.4;10.75;21:16:45:806;0;3;
96.6;10.68;21:16:46:006;0;3;
96.8;10.63;21:16:46:206;0;3;
97.0;10.56;21:16:46:406;0;3;
97.2;10.56;21:16:46:606;0;3;
97.4;10.53;21:16:46:806;0;3;
97.6;10.48;21:16:47:006;0;3;
97.8;10.44;21:16:47:206;0;3;
98.0;10.41;21:16:47:406;1;2;
98.2;10.41;21:16:47:606;1;2;
98.4;10.38;21:16:47:806;1;2;
98.6;10.34;21:16:48:006;1;2;
98.8;10.30;21:16:48:206;0;3;
99.0;10.28;21:16:48:406;0;3;
99.2;10.24;21:16:48:606;0;3;
99.4;10.24;21:16:48:806;0;3;
99.6;10.22;21:16:49:006;0;3;
99.8;10.21;21:16:49:206;0;3;
100.0;10.18;21:16:49:406;0;3;
100.2;10.16;21:16:49:606;0;3;
100.4;10.17;21:16:49:806;0;3;
100.6;10.17;21:16:50:006;0;3;
100.8;10.19;21:16:50:206;0;3;
101.0;10.22;21:16:50:406;0;3;
101.2;10.23;21:16:50:606;0;3;
101.4;10.23;21:16:50:806;0;3;
101.6;10.25;21:16:51:006;0;3;
101.8;10.26;21:16:51:206;0;3;
102.0;10.32;21:16:51:406;0;3;
102.2;10.62;21:16:51:606;0;3;
102.4;11.06;21:16:51:806;0;3;
102.6;11.55;21:16:52:006;0;3;
102.8;11.82;21:16:52:206;0;3;
103.0;11.94;21:16:52:406;0;3;
103.2;12.12;21:16:52:606;0;3;
103.4;12.18;21:16:52:806;0;3;
103.6;12.15;21:16:53:006;0;3;
103.8;12.02;21:16:53:206;0;3;
104.0;11.93;21:16:53:406;0;3;
104.2;11.86;21:16:53:606;0;3;
104.4;11.75;21:16:53:806;0;3;
104.6;11.73;21:16:54:006;0;3;
104.8;11.77;21:16:54:206;0;3;
105.0;11.81;21:16:54:406;0;3;
105.2;11.84;21:16:54:606;0;3;
105.4;11.84;21:16:54:806;0;3;
105.6;11.79;21:16:55:006;1;3;
105.8;11.72;21:16:55:206;1;3;
106.0;11.63;21:16:55:406;1;3;
106.2;11.59;21:16:55:606;1;3;
106.4;11.52;21:16:55:806;1;3;
106.6;11.40;21:16:56:006;1;3;
106.8;11.31;21:16:56:206;1;3;
107.0;11.25;21:16:56:406;1;4;
107.2;11.20;21:16:56:606;1;4;
107.4;11.17;21:16:56:806;1;4;
107.6;11.16;21:16:57:006;1;4;
107.8;11.13;21:16:57:206;1;4;
108.0;11.08;21:16:57:406;1;4;
108.2;11.03;21:16:57:606;1;4;
108.4;10.98;21:16:57:806;1;4;
108.6;10.95;21:16:58:006;1;4;
108.8;10.93;21:16:58:206;1;4;
109.0;10.88;21:16:58:406;1;4;
109.2;10.84;21:16:58:606;1;4;
109.4;10.81;21:16:58:806;1;4;
109.6;10.79;21:16:59:006;1;4;
109.8;10.77;21:16:59:206;0;4;
110.0;10.73;21:16:59:406;0;4;
110.2;10.72;21:16:59:606;0;4;
110.4;10.77;21:16:59:806;0;4;
110.6;10.98;21:17:00:006;0;4;
110.8;11.14;21:17:00:206;0;4;
111.0;11.28;21:17:00:406;0;4;
111.2;11.54;21:17:00:606;0;4;
111.4;11.76;21:17:00:806;0;4;
111.6;11.89;21:17:01:006;0;4;
111.8;11.88;21:17:01:206;0;4;
112.0;11.86;21:17:01:406;0;4;
112.2;11.81;21:17:01:606;0;4;
112.4;11.68;21:17:01:806;0;4;
112.6;11.54;21:17:02:006;0;4;
112.8;11.44;21:17:02:206;0;4;
113.0;11.39;21:17:02:406;0;4;
113.2;11.32;21:17:02:606;0;4;
113.4;11.22;21:17:02:806;0;4;
113.6;11.14;21:17:03:006;0;4;
113.8;11.08;21:17:03:206;0;4;
114.0;11.04;21:17:03:406;0;4;
114.2;11.02;21:17:03:606;0;4;
114.4;11.01;21:17:03:806;0;4;
114.6;10.98;21:17:04:006;0;4;
114.8;10.96;21:17:04:206;0;4;
115.0;10.95;21:17:04:406;0;4;
115.2;10.97;21:17:04:606;0;4;
115.4;10.99;21:17:04:806;0;4;
115.6;11.00;21:17:05:006;0;4;
115.8;11.00;21:17:05:206;0;4;
116.0;10.99;21:17:05:406;0;4;
116.2;10.99;21:17:05:606;0;4;
116.4;11.00;21:17:05:806;0;4;
116.6;11.02;21:17:06:006;0;4;
116.8;11.02;21:17:06:206;0;4;
117.0;11.02;21:17:06:406;0;4;
117.2;11.00;21:17:06:606;0;4;
117.4;10.96;21:17:06:806;0;4;
117.6;10.93;21:17:07:006;0;4;
117.8;10.91;21:17:07:206;0;4;
118.0;10.86;21:17:07:406;0;4;
118.2;10.79;21:17:07:606;0;4;
118.4;10.74;21:17:07:806;0;4;
118.6;10.69;21:17:08:006;0;4;
118.8;10.66;21:17:08:206;0;4;
119.0;10.65;21:17:08:406;0;4;
119.2;10.62;21:17:08:606;0;4;
119.4;10.59;21:17:08:806;0;4;
119.6;10.55;21:17:09:006;0;4;
119.8;10.52;21:17:09:206;0;4;
120.0;10.50;21:17:09:406;0;4;
120.2;10.49;21:17:09:606;0;4;
120.4;10.46;21:17:09:806;0;4;
120.6;10.44;21:17:10:006;0;4;
120.8;10.41;21:17:10:206;0;4;
121.0;10.40;21:17:10:406;0;4;
121.2;10.39;21:17:10:606;0;4;
121.4;10.38;21:17:10:806;0;4;
121.6;10.36;21:17:11:006;0;4;
121.8;10.34;21:17:11:206;0;4;
122.0;10.34;21:17:11:406;0;4;
122.2;10.33;21:17:11:606;0;4;
122.4;10.32;21:17:11:806;0;4;
122.6;10.32;21:17:12:006;0;4;
122.8;10.32;21:17:12:206;0;4;
123.0;10.32;21:17:12:406;0;4;
123.2;10.32;21:17:12:606;0;4;
123.4;10.32;21:17:12:806;0;4;
123.6;10.32;21:17:13:006;0;4;
123.8;10.29;21:17:13:206;0;4;
124.0;10.27;21:17:13:406;0;4;
124.2;10.25;21:17:13:606;0;4;
124.4;10.24;21:17:13:806;0;4;
124.6;10.23;21:17:14:006;0;4;
124.8;10.20;21:17:14:206;0;4;
125.0;10.18;21:17:14:406;0;4;
125.2;10.16;21:17:14:606;0;4;
125.4;10.14;21:17:14:806;0;4;
125.6;10.12;21:17:15:006;0;4;
125.8;10.12;21:17:15:206;0;4;
126.0;10.10;21:17:15:406;0;4;
126.2;10.09;21:17:15:606;0;4;
126.4;10.06;21:17:15:806;0;4;
126.6;10.04;21:17:16:006;0;4;
126.8;10.03;21:17:16:206;0;4;
127.0;10.02;21:17:16:406;0;4;
127.2;10.02;21:17:16:606;0;4;
127.4;10.00;21:17:16:806;0;4;
127.6;9.98;21:17:17:006;0;4;
127.8;9.96;21:17:17:206;0;4;
128.0;9.96;21:17:17:406;0;4;
128.2;9.95;21:17:17:606;0;4;
128.4;9.93;21:17:17:806;0;4;
128.6;9.91;21:17:18:006;0;4;
128.8;9.89;21:17:18:206;0;4;
129.0;9.87;21:17:18:406;0;4;
129.2;9.86;21:17:18:606;0;4;
129.4;9.86;21:17:18:806;0;4;
129.6;9.84;21:17:19:006;0;4;
129.8;9.83;21:17:19:206;0;4;
130.0;9.82;21:17:19:406;0;4;
130.2;9.80;21:17:19:606;0;4;
130.4;9.79;21:17:19:806;0;4;
130.6;9.78;21:17:20:006;0;4;
130.8;9.77;21:17:20:206;0;4;
131.0;9.75;21:17:20:406;0;4;
131.2;9.74;21:17:20:606;0;4;
131.4;9.73;21:17:20:806;0;4;
131.6;9.72;21:17:21:006;0;4;
131.8;9.71;21:17:21:206;0;4;
132.0;9.71;21:17:21:406;0;4;
132.2;9.69;21:17:21:606;0;4;
132.4;9.68;21:17:21:806;0;4;
132.6;9.67;21:17:22:006;0;4;
132.8;9.66;21:17:22:206;0;4;
133.0;9.64;21:17:22:406;0;4;
133.2;9.63;21:17:22:606;0;4;
133.4;9.61;21:17:22:806;0;4;
133.6;9.60;21:17:23:006;0;4;
133.8;9.59;21:17:23:206;0;4;
134.0;9.59;21:17:23:406;0;4;
134.2;9.57;21:17:23:606;0;4;
134.4;9.56;21:17:23:806;0;4;
134.6;9.54;21:17:24:006;0;4;
134.8;9.54;21:17:24:206;0;4;
135.0;9.54;21:17:24:406;0;4;
135.2;9.53;21:17:24:606;0;4;
135.4;9.52;21:17:24:806;0;4;
135.6;9.50;21:17:25:006;0;4;
135.8;9.50;21:17:25:206;0;4;
136.0;9.49;21:17:25:406;0;4;
136.2;9.48;21:17:25:606;0;4;
136.4;9.46;21:17:25:806;0;4;
136.6;9.46;21:17:26:006;0;4;
136.8;9.45;21:17:26:206;0;4;
137.0;9.43;21:17:26:406;0;4;
137.2;9.41;21:17:26:606;0;4;
137.4;9.41;21:17:26:806;0;4;
137.6;9.40;21:17:27:006;0;4;
137.8;9.39;21:17:27:206;0;4;
138.0;9.38;21:17:27:406;0;4;
138.2;9.36;21:17:27:606;0;4;
138.4;9.36;21:17:27:806;0;4;
138.6;9.35;21:17:28:006;0;4;
138.8;9.34;21:17:28:206;0;4;
139.0;9.32;21:17:28:406;0;4;
139.2;9.32;21:17:28:606;0;4;
139.4;9.31;21:17:28:806;0;4;
139.6;9.30;21:17:29:006;0;4;
139.8;9.29;21:17:29:206;0;4;
140.0;9.28;21:17:29:406;0;4;
140.2;9.27;21:17:29:606;0;4;
140.4;9.25;21:17:29:806;0;4;
140.6;9.24;21:17:30:006;0;4;
140.8;9.24;21:17:30:206;0;4;
141.0;9.23;21:17:30:406;0;4;
141.2;9.21;21:17:30:606;0;4;
141.4;9.21;21:17:30:806;0;4;
141.6;9.20;21:17:31:006;0;4;
141.8;9.19;21:17:31:206;0;4;
142.0;9.18;21:17:31:406;0;4;
142.2;9.16;21:17:31:606;0;4;
142.4;9.16;21:17:31:806;0;4;
142.6;9.15;21:17:32:006;0;4;
142.8;9.14;21:17:32:206;0;4;
143.0;9.13;21:17:32:406;0;4;
143.2;9.13;21:17:32:606;0;4;
143.4;9.11;21:17:32:806;0;4;
143.6;9.11;21:17:33:006;0;4;
143.8;9.09;21:17:33:206;0;4;
144.0;9.09;21:17:33:406;0;4;
144.2;9.09;21:17:33:606;0;4;
144.4;9.07;21:17:33:806;0;4;
144.6;9.06;21:17:34:006;0;4;
144.8;9.05;21:17:34:206;0;4;
145.0;9.04;21:17:34:406;0;4;
145.2;9.03;21:17:34:606;0;4;
145.4;9.02;21:17:34:806;0;4;
145.6;9.02;21:17:35:006;0;4;
145.8;9.02;21:17:35:206;0;4;
146.0;9.00;21:17:35:406;0;4;
146.2;9.00;21:17:35:606;0;4;
146.4;9.00;21:17:35:806;0;4;
146.6;8.99;21:17:36:006;0;4;
146.8;8.98;21:17:36:206;0;3;
147.0;8.98;21:17:36:406;0;3;
147.2;8.97;21:17:36:606;0;3;
147.4;8.97;21:17:36:806;0;3;
147.6;8.96;21:17:37:006;0;3;
147.8;8.96;21:17:37:206;0;3;
148.0;8.95;21:17:37:406;0;3;
148.2;8.95;21:17:37:606;0;3;
148.4;8.93;21:17:37:806;0;3;
148.6;8.92;21:17:38:006;0;3;
148.8;8.92;21:17:38:206;0;2;
149.0;8.91;21:17:38:406;0;2;
149.2;8.91;21:17:38:606;0;2;
149.4;8.89;21:17:38:806;0;2;
149.6;8.88;21:17:39:006;0;2;
149.8;8.88;21:17:39:206;0;2;
150.0;8.88;21:17:39:406;0;2;
150.2;8.88;21:17:39:606;0;2;
150.4;8.86;21:17:39:806;0;2;
150.6;8.85;21:17:40:006;0;2;
150.8;8.84;21:17:40:206;0;2;
151.0;8.84;21:17:40:406;0;2;
151.2;8.83;21:17:40:606;0;2;
151.4;8.82;21:17:40:806;0;2;
151.6;8.82;21:17:41:006;0;2;
151.8;8.82;21:17:41:206;0;2;
152.0;8.80;21:17:41:406;0;2;
152.2;8.79;21:17:41:606;0;2;
152.4;8.79;21:17:41:806;0;2;
152.6;8.79;21:17:42:006;0;2;
152.8;8.77;21:17:42:206;0;2;
153.0;8.77;21:17:42:406;0;2;
153.2;8.76;21:17:42:606;0;2;
153.4;8.75;21:17:42:806;0;2;
153.6;8.75;21:17:43:006;0;2;
153.8;8.74;21:17:43:206;0;2;
154.0;8.73;21:17:43:406;0;2;
154.2;8.73;21:17:43:606;0;2;
154.4;8.72;21:17:43:806;0;2;
154.6;8.71;21:17:44:006;0;2;
154.8;8.70;21:17:44:206;0;2;
155.0;8.70;21:17:44:406;0;2;
155.2;8.68;21:17:44:606;0;2;
155.4;8.68;21:17:44:806;0;2;
155.6;8.67;21:17:45:006;0;2;
155.8;8.67;21:17:45:206;0;2;
156.0;8.66;21:17:45:406;0;2;
156.2;8.65;21:17:45:606;0;2;
156.4;8.65;21:17:45:806;0;2;
156.6;8.64;21:17:46:006;0;2;
156.8;8.64;21:17:46:206;0;2;
157.0;8.64;21:17:46:406;0;2;
157.2;8.64;21:17:46:606;0;2;
157.4;8.65;21:17:46:806;0;2;
157.6;8.64;21:17:47:006;0;2;
157.8;8.64;21:17:47:206;0;2;
158.0;8.64;21:17:47:406;0;2;
158.2;8.64;21:17:47:606;0;2;
158.4;8.63;21:17:47:806;0;2;
158.6;8.61;21:17:48:006;0;2;
158.8;8.61;21:17:48:206;0;1;
159.0;8.60;21:17:48:406;0;1;
159.2;8.60;21:17:48:606;0;1;
159.4;8.59;21:17:48:806;0;1;
159.6;8.58;21:17:49:006;0;1;
159.8;8.57;21:17:49:206;0;1;
160.0;8.57;21:17:49:406;0;1;
160.2;8.56;21:17:49:606;0;1;
160.4;8.56;21:17:49:806;0;1;
160.6;8.55;21:17:50:006;0;1;
160.8;8.54;21:17:50:206;0;1;
161.0;8.54;21:17:50:406;0;1;
161.2;8.52;21:17:50:606;0;1;
161.4;8.52;21:17:50:806;0;1;
161.6;8.52;21:17:51:006;0;1;
161.8;8.52;21:17:51:206;0;1;
162.0;8.50;21:17:51:406;0;1;
162.2;8.49;21:17:51:606;0;1;
162.4;8.49;21:17:51:806;0;1;
162.6;8.49;21:17:52:006;0;1;
162.8;8.48;21:17:52:206;0;1;
163.0;8.47;21:17:52:406;0;1;
163.2;8.47;21:17:52:606;0;1;
163.4;8.46;21:17:52:806;0;1;
163.6;8.45;21:17:53:006;0;1;
163.8;8.45;21:17:53:206;0;1;
164.0;8.45;21:17:53:406;0;1;
164.2;8.44;21:17:53:606;0;1;
164.4;8.43;21:17:53:806;0;1;
164.6;8.43;21:17:54:006;0;1;
164.8;8.42;21:17:54:206;0;1;
165.0;8.42;21:17:54:406;0;1;
165.2;8.41;21:17:54:606;0;1;
165.4;8.40;21:17:54:806;0;1;
165.6;8.39;21:17:55:006;0;1;
165.8;8.38;21:17:55:206;0;1;
166.0;8.38;21:17:55:406;0;1;
166.2;8.38;21:17:55:606;0;1;
166.4;8.37;21:17:55:806;0;1;
166.6;8.36;21:17:56:006;0;1;
166.8;8.35;21:17:56:206;0;1;
167.0;8.35;21:17:56:406;0;0;
167.2;8.35;21:17:56:606;0;0;
167.4;8.34;21:17:56:806;0;0;
167.6;8.33;21:17:57:006;0;0;
167.8;8.33;21:17:57:206;0;0;
168.0;8.33;21:17:57:406;0;0;
168.2;8.36;21:17:57:606;0;0;
168.4;8.36;21:17:57:806;0;0;
168.6;8.49;21:17:58:006;0;0;
168.8;8.83;21:17:58:206;0;0;
169.0;9.06;21:17:58:406;0;0;
169.2;9.34;21:17:58:606;0;0;
169.4;9.34;21:17:58:806;0;0;
169.6;9.45;21:17:59:006;0;0;
169.8;9.52;21:17:59:206;0;0;
170.0;9.51;21:17:59:406;0;0;
170.2;9.46;21:17:59:606;0;0;
170.4;9.36;21:17:59:806;0;0;
170.6;9.36;21:18:00:006;0;0;
170.8;9.28;21:18:00:206;0;0;
171.0;9.19;21:18:00:406;0;0;
171.2;9.15;21:18:00:606;0;0;
171.4;9.09;21:18:00:806;0;0;
171.6;9.05;21:18:01:006;0;0;
171.8;9.05;21:18:01:206;0;0;
172.0;9.04;21:18:01:406;1;0;
172.2;9.00;21:18:01:606;1;0;
172.4;8.97;21:18:01:806;1;0;
172.6;8.95;21:18:02:006;1;0;
172.8;8.93;21:18:02:206;1;0;
173.0;8.92;21:18:02:406;1;0;
173.2;8.89;21:18:02:606;1;1;
173.4;8.88;21:18:02:806;1;1;
173.6;8.86;21:18:03:006;1;1;
173.8;8.84;21:18:03:206;1;1;
174.0;8.83;21:18:03:406;1;1;
174.2;8.83;21:18:03:606;1;1;
174.4;8.83;21:18:03:806;1;1;
174.6;8.82;21:18:04:006;1;1;
174.8;8.81;21:18:04:206;0;1;
175.0;8.79;21:18:04:406;0;1;
175.2;8.79;21:18:04:606;0;1;
175.4;8.78;21:18:04:806;0;1;
175.6;8.76;21:18:05:006;0;1;
175.8;8.75;21:18:05:206;0;1;
176.0;8.74;21:18:05:406;0;1;
176.2;8.74;21:18:05:606;0;1;
176.4;8.74;21:18:05:806;0;1;
176.6;8.79;21:18:06:006;0;1;
176.8;8.88;21:18:06:206;0;1;
177.0;9.00;21:18:06:406;0;1;
177.2;9.15;21:18:06:606;0;1;
177.4;9.23;21:18:06:806;0;1;
177.6;9.25;21:18:07:006;0;1;
177.8;9.29;21:18:07:206;0;1;
178.0;9.28;21:18:07:406;0;1;
178.2;9.24;21:18:07:606;0;1;
178.4;9.19;21:18:07:806;0;1;
178.6;9.16;21:18:08:006;0;1;
178.8;9.14;21:18:08:206;0;1;
179.0;9.09;21:18:08:406;0;1;
179.2;9.04;21:18:08:606;0;1;
179.4;9.00;21:18:08:806;0;1;
179.6;8.97;21:18:09:006;0;1;
179.8;8.96;21:18:09:206;0;1;
180.0;8.94;21:18:09:406;0;1;
180.2;8.91;21:18:09:606;0;1;
180.4;8.89;21:18:09:806;0;1;
180.6;8.87;21:18:10:006;0;1;
180.8;8.86;21:18:10:206;0;1;
181.0;8.86;21:18:10:406;0;1;
181.2;8.84;21:18:10:606;0;1;
181.4;8.82;21:18:10:806;0;1;
181.6;8.80;21:18:11:006;0;1;
181.8;8.79;21:18:11:206;0;1;
182.0;8.78;21:18:11:406;0;1;
182.2;8.77;21:18:11:606;0;1;
182.4;8.77;21:18:11:806;0;1;
182.6;8.76;21:18:12:006;0;1;
182.8;8.75;21:18:12:206;0;1;
183.0;8.75;21:18:12:406;0;1;
183.2;8.75;21:18:12:606;0;1;
183.4;8.73;21:18:12:806;0;1;
183.6;8.73;21:18:13:006;0;1;
183.8;8.72;21:18:13:206;0;1;
184.0;8.71;21:18:13:406;0;1;
184.2;8.71;21:18:13:606;0;1;
184.4;8.71;21:18:13:806;0;1;
184.6;8.71;21:18:14:006;0;1;
184.8;8.74;21:18:14:206;0;1;
185.0;8.80;21:18:14:406;0;1;
185.2;8.88;21:18:14:606;0;1;
185.4;8.91;21:18:14:806;0;1;
185.6;8.94;21:18:15:006;0;1;
185.8;8.98;21:18:15:206;0;1;
186.0;8.98;21:18:15:406;0;1;
186.2;8.97;21:18:15:606;0;1;
186.4;8.95;21:18:15:806;0;1;
186.6;8.93;21:18:16:006;0;1;
186.8;8.91;21:18:16:206;0;1;
187.0;8.88;21:18:16:406;0;1;
187.2;8.86;21:18:16:606;0;1;
187.4;8.83;21:18:16:806;0;1;
187.6;8.82;21:18:17:006;0;1;
187.8;8.82;21:18:17:206;0;1;
188.0;8.80;21:18:17:406;0;1;
188.2;8.79;21:18:17:606;0;1;
188.4;8.77;21:18:17:806;0;1;
188.6;8.77;21:18:18:006;0;1;
188.8;8.76;21:18:18:206;0;1;
189.0;8.75;21:18:18:406;0;1;
189.2;8.73;21:18:18:606;0;1;
189.4;8.73;21:18:18:806;0;1;
189.6;8.71;21:18:19:006;0;1;
189.8;8.71;21:18:19:206;0;1;
190.0;8.70;21:18:19:406;0;1;
190.2;8.70;21:18:19:606;0;1;
190.4;8.69;21:18:19:806;0;1;
190.6;8.68;21:18:20:006;0;1;
190.8;8.68;21:18:20:206;0;1;
191.0;8.66;21:18:20:406;0;1;
191.2;8.66;21:18:20:606;0;1;
191.4;8.66;21:18:20:806;0;1;
191.6;8.64;21:18:21:006;0;1;
191.8;8.64;21:18:21:206;0;1;
192.0;8.63;21:18:21:406;0;1;
192.2;8.62;21:18:21:606;0;1;
192.4;8.62;21:18:21:806;0;1;
192.6;8.61;21:18:22:006;0;1;
192.8;8.60;21:18:22:206;0;1;
193.0;8.59;21:18:22:406;0;1;
193.2;8.58;21:18:22:606;0;1;
193.4;8.57;21:18:22:806;0;1;
193.6;8.57;21:18:23:006;0;1;
193.8;8.56;21:18:23:206;0;1;
194.0;8.55;21:18:23:406;0;1;
194.2;8.54;21:18:23:606;0;1;
194.4;8.53;21:18:23:806;0;1;
194.6;8.53;21:18:24:006;0;1;
194.8;8.53;21:18:24:206;0;1;
195.0;8.51;21:18:24:406;0;1;
195.2;8.50;21:18:24:606;0;1;
195.4;8.49;21:18:24:806;0;1;
195.6;8.49;21:18:25:006;0;1;
195.8;8.49;21:18:25:206;0;1;
196.0;8.48;21:18:25:406;0;1;
196.2;8.47;21:18:25:606;0;1;
196.4;8.47;21:18:25:806;0;1;
196.6;8.45;21:18:26:006;0;1;
196.8;8.45;21:18:26:206;0;1;
197.0;8.45;21:18:26:406;0;1;
197.2;8.45;21:18:26:606;0;1;
197.4;8.44;21:18:26:806;0;1;
197.6;8.43;21:18:27:006;0;1;
197.8;8.42;21:18:27:206;0;1;
198.0;8.41;21:18:27:406;0;1;
198.2;8.41;21:18:27:606;0;1;
198.4;8.40;21:18:27:806;0;1;
198.6;8.40;21:18:28:006;0;1;
198.8;8.39;21:18:28:206;0;1;
199.0;8.38;21:18:28:406;0;1;
199.2;8.38;21:18:28:606;0;1;
199.4;8.38;21:18:28:806;0;1;
199.6;8.37;21:18:29:006;0;1;
199.8;8.37;21:18:29:206;0;1;
200.0;8.36;21:18:29:406;0;1;
200.2;8.35;21:18:29:606;0;1;
200.4;8.35;21:18:29:806;0;1;
200.6;8.35;21:18:30:006;0;1;
200.8;8.33;21:18:30:206;0;1;
201.0;8.33;21:18:30:406;0;1;
201.2;8.33;21:18:30:606;0;1;
201.4;8.33;21:18:30:806;0;1;
201.6;8.32;21:18:31:006;0;1;
201.8;8.31;21:18:31:206;0;1;
202.0;8.31;21:18:31:406;0;1;
202.2;8.30;21:18:31:606;0;1;
202.4;8.30;21:18:31:806;0;1;
202.6;8.30;21:18:32:006;0;1;
202.8;8.29;21:18:32:206;0;1;
203.0;8.28;21:18:32:406;0;1;
203.2;8.28;21:18:32:606;0;1;
203.4;8.27;21:18:32:806;0;1;
203.6;8.26;21:18:33:006;0;1;
203.8;8.26;21:18:33:206;0;1;
204.0;8.25;21:18:33:406;0;1;
204.2;8.25;21:18:33:606;0;1;
204.4;8.24;21:18:33:806;0;1;
204.6;8.24;21:18:34:006;0;1;
204.8;8.23;21:18:34:206;0;1;
205.0;8.23;21:18:34:406;0;1;
205.2;8.23;21:18:34:606;0;1;
205.4;8.23;21:18:34:806;0;1;
205.6;8.22;21:18:35:006;0;1;
205.8;8.22;21:18:35:206;0;1;
206.0;8.22;21:18:35:406;0;1;
206.2;8.22;21:18:35:606;0;1;
206.4;8.22;21:18:35:806;0;1;
206.6;8.21;21:18:36:006;0;1;
206.8;8.21;21:18:36:206;0;1;
207.0;8.20;21:18:36:406;0;1;
207.2;8.20;21:18:36:606;0;1;
207.4;8.20;21:18:36:806;0;1;
207.6;8.19;21:18:37:006;0;1;
207.8;8.19;21:18:37:206;0;1;
208.0;8.18;21:18:37:406;0;1;
208.2;8.17;21:18:37:606;0;1;
208.4;8.17;21:18:37:806;0;1;
208.6;8.17;21:18:38:006;0;1;
208.8;8.16;21:18:38:206;0;1;
209.0;8.16;21:18:38:406;0;1;
209.2;8.16;21:18:38:606;0;1;
209.4;8.16;21:18:38:806;0;1;
209.6;8.16;21:18:39:006;0;1;
209.8;8.15;21:18:39:206;0;1;
210.0;8.15;21:18:39:406;0;1;
210.2;8.14;21:18:39:606;0;1;
210.4;8.13;21:18:39:806;0;1;
210.6;8.13;21:18:40:006;0;1;
210.8;8.13;21:18:40:206;0;1;
211.0;8.13;21:18:40:406;0;1;
211.2;8.12;21:18:40:606;0;1;
211.4;8.11;21:18:40:806;0;1;
211.6;8.11;21:18:41:006;0;1;
211.8;8.11;21:18:41:206;0;1;
212.0;8.10;21:18:41:406;0;1;
212.2;8.09;21:18:41:606;0;1;
212.4;8.09;21:18:41:806;0;1;
212.6;8.08;21:18:42:006;0;1;
212.8;8.08;21:18:42:206;0;1;
213.0;8.08;21:18:42:406;0;1;
213.2;8.06;21:18:42:606;0;1;
213.4;8.06;21:18:42:806;0;1;
213.6;8.06;21:18:43:006;0;1;
213.8;8.05;21:18:43:206;0;1;
214.0;8.05;21:18:43:406;0;1;
214.2;8.04;21:18:43:606;0;1;
214.4;8.04;21:18:43:806;0;1;
214.6;8.03;21:18:44:006;0;1;
214.8;8.02;21:18:44:206;0;1;
215.0;8.02;21:18:44:406;0;1;
215.2;8.02;21:18:44:606;0;1;
215.4;8.01;21:18:44:806;0;1;
215.6;8.01;21:18:45:006;0;1;
215.8;8.00;21:18:45:206;0;1;
216.0;8.00;21:18:45:406;0;1;
216.2;7.99;21:18:45:606;0;1;
216.4;7.99;21:18:45:806;0;1;
216.6;7.98;21:18:46:006;0;1;
216.8;7.98;21:18:46:206;0;1;
217.0;7.97;21:18:46:406;0;1;
217.2;7.96;21:18:46:606;0;1;
217.4;7.96;21:18:46:806;0;1;
217.6;7.96;21:18:47:006;0;1;
217.8;7.95;21:18:47:206;0;1;
218.0;7.95;21:18:47:406;0;1;
218.2;7.94;21:18:47:606;0;1;
218.4;7.94;21:18:47:806;0;1;
218.6;7.94;21:18:48:006;0;1;
218.8;7.93;21:18:48:206;0;1;
219.0;7.93;21:18:48:406;0;1;
219.2;7.92;21:18:48:606;0;1;
219.4;7.92;21:18:48:806;0;1;
219.6;7.91;21:18:49:006;0;1;
219.8;7.91;21:18:49:206;0;1;
220.0;7.90;21:18:49:406;0;1;
220.2;7.90;21:18:49:606;0;1;
220.4;7.89;21:18:49:806;0;1;
220.6;7.88;21:18:50:006;0;1;
220.8;7.88;21:18:50:206;0;1;
221.0;7.88;21:18:50:406;0;1;
221.2;7.87;21:18:50:606;0;1;
221.4;7.87;21:18:50:806;0;1;
221.6;7.86;21:18:51:006;0;1;
221.8;7.86;21:18:51:206;0;1;
222.0;7.86;21:18:51:406;0;1;
222.2;7.85;21:18:51:606;0;1;
222.4;7.84;21:18:51:806;0;1;
222.6;7.84;21:18:52:006;0;1;
222.8;7.83;21:18:52:206;0;1;
223.0;7.83;21:18:52:406;0;1;
223.2;7.83;21:18:52:606;0;1;
223.4;7.83;21:18:52:806;0;1;
223.6;7.83;21:18:53:006;0;1;
223.8;7.81;21:18:53:206;0;1;
224.0;7.81;21:18:53:406;0;1;
224.2;7.81;21:18:53:606;0;1;
224.4;7.81;21:18:53:806;0;1;
224.6;7.80;21:18:54:006;0;1;
224.8;7.80;21:18:54:206;0;1;
225.0;7.79;21:18:54:406;0;1;
225.2;7.79;21:18:54:606;0;1;
225.4;7.79;21:18:54:806;0;1;
225.6;7.79;21:18:55:006;0;1;
225.8;7.78;21:18:55:206;0;1;
226.0;7.78;21:18:55:406;0;1;
226.2;7.77;21:18:55:606;0;1;
226.4;7.77;21:18:55:806;0;1;
226.6;7.77;21:18:56:006;0;1;
226.8;7.76;21:18:56:206;0;1;
227.0;7.75;21:18:56:406;0;1;
227.2;7.75;21:18:56:606;0;1;
227.4;7.75;21:18:56:806;0;1;
227.6;7.74;21:18:57:006;0;1;
227.8;7.74;21:18:57:206;0;1;
228.0;7.74;21:18:57:406;0;1;
228.2;7.73;21:18:57:606;0;1;
228.4;7.72;21:18:57:806;0;1;
228.6;7.71;21:18:58:006;0;1;
228.8;7.71;21:18:58:206;0;1;
229.0;7.71;21:18:58:406;0;1;
229.2;7.71;21:18:58:606;0;1;
229.4;7.70;21:18:58:806;0;1;
229.6;7.70;21:18:59:006;0;1;
229.8;7.69;21:18:59:206;0;1;
230.0;7.69;21:18:59:406;0;1;
230.2;7.69;21:18:59:606;0;1;
230.4;7.68;21:18:59:806;0;1;
230.6;7.67;21:19:00:006;0;1;
230.8;7.67;21:19:00:206;0;1;
231.0;7.67;21:19:00:406;0;1;
231.2;7.66;21:19:00:606;0;1;
231.4;7.66;21:19:00:806;0;1;
231.6;7.66;21:19:01:006;0;1;
231.8;7.65;21:19:01:206;0;1;
232.0;7.64;21:19:01:406;0;1;
232.2;7.64;21:19:01:606;0;1;
232.4;7.63;21:19:01:806;0;1;
232.6;7.63;21:19:02:006;0;1;
232.8;7.63;21:19:02:206;0;1;
233.0;7.63;21:19:02:406;0;1;
233.2;7.63;21:19:02:606;0;0;
233.4;7.63;21:19:02:806;0;0;
233.6;7.63;21:19:03:006;0;0;
233.8;7.63;21:19:03:206;0;0;
234.0;7.62;21:19:03:406;0;0;
234.2;7.61;21:19:03:606;0;0;
234.4;7.61;21:19:03:806;0;0;
234.6;7.61;21:19:04:006;0;0;
234.8;7.61;21:19:04:206;0;0;
235.0;7.59;21:19:04:406;0;0;
235.2;7.59;21:19:04:606;0;0;
235.4;7.58;21:19:04:806;0;0;
235.6;7.58;21:19:05:006;0;0;
235.8;7.58;21:19:05:206;0;0;
236.0;7.58;21:19:05:406;0;0;
236.2;7.58;21:19:05:606;0;0;
236.4;7.57;21:19:05:806;0;0;
236.6;7.57;21:19:06:006;0;0;
236.8;7.57;21:19:06:206;0;0;
237.0;7.58;21:19:06:406;0;0;
237.2;7.58;21:19:06:606;0;0;
237.4;7.58;21:19:06:806;0;0;
237.6;7.58;21:19:07:006;0;0;
237.8;7.58;21:19:07:206;0;0;
238.0;7.58;21:19:07:406;0;0;
238.2;7.58;21:19:07:606;0;0;
238.4;7.57;21:19:07:806;0;0;
238.6;7.56;21:19:08:006;0;0;
238.8;7.55;21:19:08:206;0;0;
239.0;7.54;21:19:08:406;0;0;
239.2;7.54;21:19:08:606;0;0;
239.4;7.54;21:19:08:806;0;0;
239.6;7.54;21:19:09:006;0;0;
239.8;7.53;21:19:09:206;0;0;
240.0;7.53;21:19:09:406;0;0;
240.2;7.53;21:19:09:606;0;0;
240.4;7.53;21:19:09:806;0;0;
240.6;7.53;21:19:10:006;0;0;
240.8;7.53;21:19:10:206;0;0;
241.0;7.53;21:19:10:406;0;0;
241.2;7.52;21:19:10:606;0;0;
241.4;7.52;21:19:10:806;0;0;
241.6;7.51;21:19:11:006;0;0;
241.8;7.51;21:19:11:206;0;0;
242.0;7.50;21:19:11:406;0;0;
242.2;7.49;21:19:11:606;0;0;
242.4;7.49;21:19:11:806;0;0;
242.6;7.48;21:19:12:006;0;0;
242.8;7.47;21:19:12:206;0;0;
243.0;7.46;21:19:12:406;0;0;
243.2;7.46;21:19:12:606;0;0;
243.4;7.46;21:19:12:806;0;0;
243.6;7.45;21:19:13:006;0;0;
243.8;7.45;21:19:13:206;0;0;
244.0;7.45;21:19:13:406;0;0;
244.2;7.44;21:19:13:606;0;0;
244.4;7.45;21:19:13:806;0;0;
244.6;7.46;21:19:14:006;0;0;
244.8;7.48;21:19:14:206;0;0;
245.0;7.55;21:19:14:406;0;0;
245.2;7.70;21:19:14:606;0;0;
245.4;7.95;21:19:14:806;0;0;
245.6;8.22;21:19:15:006;0;0;
245.8;8.45;21:19:15:206;0;0;
246.0;8.56;21:19:15:406;0;0;
246.2;8.61;21:19:15:606;0;0;
246.4;8.69;21:19:15:806;0;0;
246.6;8.75;21:19:16:006;0;0;
246.8;8.77;21:19:16:206;0;0;
247.0;8.78;21:19:16:406;0;0;
247.2;8.79;21:19:16:606;0;0;
247.4;8.78;21:19:16:806;0;0;
247.6;8.75;21:19:17:006;0;0;
247.8;8.70;21:19:17:206;0;0;
248.0;8.66;21:19:17:406;0;0;
248.2;8.63;21:19:17:606;0;0;
248.4;8.59;21:19:17:806;0;0;
248.6;8.53;21:19:18:006;1;0;
248.8;8.47;21:19:18:206;1;0;
249.0;8.43;21:19:18:406;1;0;
249.2;8.39;21:19:18:606;1;0;
249.4;8.38;21:19:18:806;1;0;
249.6;8.37;21:19:19:006;1;0;
249.8;8.35;21:19:19:206;1;0;
250.0;8.33;21:19:19:406;1;0;
250.2;8.31;21:19:19:606;1;0;
250.4;8.30;21:19:19:806;1;0;
250.6;8.29;21:19:20:006;1;1;
250.8;8.27;21:19:20:206;1;1;
251.0;8.25;21:19:20:406;1;1;
251.2;8.23;21:19:20:606;1;1;
251.4;8.22;21:19:20:806;1;1;
251.6;8.21;21:19:21:006;1;1;
251.8;8.20;21:19:21:206;1;1;
252.0;8.18;21:19:21:406;1;1;
252.2;8.18;21:19:21:606;1;1;
252.4;8.16;21:19:21:806;1;1;
252.6;8.16;21:19:22:006;1;1;
252.8;8.15;21:19:22:206;1;1;
253.0;8.14;21:19:22:406;1;1;
253.2;8.14;21:19:22:606;1;1;
253.4;8.13;21:19:22:806;1;1;
253.6;8.11;21:19:23:006;1;1;
253.8;8.11;21:19:23:206;1;1;
254.0;8.11;21:19:23:406;1;1;
254.2;8.09;21:19:23:606;1;1;
254.4;8.08;21:19:23:806;1;1;
254.6;8.08;21:19:24:006;1;1;
254.8;8.08;21:19:24:206;0;1;
255.0;8.08;21:19:24:406;0;1;
255.2;8.08;21:19:24:606;0;1;
255.4;8.08;21:19:24:806;0;1;
255.6;8.07;21:19:25:006;0;1;
255.8;8.06;21:19:25:206;0;1;
256.0;8.07;21:19:25:406;0;1;
256.2;8.07;21:19:25:606;0;1;
256.4;8.07;21:19:25:806;0;1;
256.6;8.07;21:19:26:006;0;1;
256.8;8.07;21:19:26:206;0;1;
257.0;8.06;21:19:26:406;0;1;
257.2;8.05;21:19:26:606;0;1;
257.4;8.04;21:19:26:806;0;1;
257.6;8.04;21:19:27:006;0;1;
257.8;8.03;21:19:27:206;0;1;
258.0;8.02;21:19:27:406;0;1;
258.2;8.05;21:19:27:606;0;1;
258.4;8.12;21:19:27:806;0;1;
258.6;8.12;21:19:28:006;0;1;
258.8;8.30;21:19:28:206;0;1;
259.0;8.44;21:19:28:406;0;1;
259.2;8.65;21:19:28:606;0;1;
259.4;8.76;21:19:28:806;0;1;
259.6;8.86;21:19:29:006;0;1;
259.8;8.86;21:19:29:206;0;1;
260.0;8.89;21:19:29:406;0;1;
260.2;8.89;21:19:29:606;0;1;
260.4;8.85;21:19:29:806;0;1;
260.6;8.81;21:19:30:006;0;1;
260.8;8.73;21:19:30:206;0;1;
261.0;8.73;21:19:30:406;0;1;
261.2;8.68;21:19:30:606;0;1;
261.4;8.63;21:19:30:806;0;1;
261.6;8.59;21:19:31:006;0;1;
261.8;8.56;21:19:31:206;0;1;
262.0;8.52;21:19:31:406;0;1;
262.2;8.52;21:19:31:606;0;1;
262.4;8.51;21:19:31:806;0;1;
262.6;8.47;21:19:32:006;1;1;
262.8;8.46;21:19:32:206;1;1;
263.0;8.43;21:19:32:406;1;1;
263.2;8.43;21:19:32:606;1;1;
263.4;8.41;21:19:32:806;1;1;
263.6;8.40;21:19:33:006;1;2;
263.8;8.38;21:19:33:206;1;2;
264.0;8.37;21:19:33:406;1;2;
264.2;8.35;21:19:33:606;1;2;
264.4;8.35;21:19:33:806;1;2;
264.6;8.34;21:19:34:006;1;2;
264.8;8.32;21:19:34:206;0;2;
265.0;8.30;21:19:34:406;0;2;
265.2;8.29;21:19:34:606;0;2;
265.4;8.28;21:19:34:806;0;2;
265.6;8.28;21:19:35:006;0;2;
265.8;8.27;21:19:35:206;0;2;
266.0;8.25;21:19:35:406;0;2;
266.2;8.25;21:19:35:606;0;2;
266.4;8.23;21:19:35:806;0;2;
266.6;8.23;21:19:36:006;0;2;
266.8;8.22;21:19:36:206;0;2;
267.0;8.21;21:19:36:406;0;2;
267.2;8.19;21:19:36:606;0;2;
267.4;8.18;21:19:36:806;0;2;
267.6;8.17;21:19:37:006;0;2;
267.8;8.17;21:19:37:206;0;2;
268.0;8.16;21:19:37:406;0;2;
268.2;8.15;21:19:37:606;0;2;
268.4;8.15;21:19:37:806;0;2;
268.6;8.14;21:19:38:006;0;2;
268.8;8.13;21:19:38:206;0;2;
269.0;8.13;21:19:38:406;0;2;
269.2;8.12;21:19:38:606;0;2;
269.4;8.11;21:19:38:806;0;2;
269.6;8.10;21:19:39:006;0;2;
269.8;8.09;21:19:39:206;0;2;
270.0;8.09;21:19:39:406;0;2;
270.2;8.09;21:19:39:606;0;2;
270.4;8.08;21:19:39:806;0;2;
270.6;8.07;21:19:40:006;0;2;
270.8;8.06;21:19:40:206;0;2;
271.0;8.05;21:19:40:406;0;2;
271.2;8.05;21:19:40:606;0;2;
271.4;8.04;21:19:40:806;0;2;
271.6;8.04;21:19:41:006;0;2;
271.8;8.03;21:19:41:206;0;2;
272.0;8.03;21:19:41:406;0;2;
272.2;8.04;21:19:41:606;0;2;
272.4;8.04;21:19:41:806;0;2;
272.6;8.06;21:19:42:006;0;2;
272.8;8.08;21:19:42:206;0;2;
273.0;8.08;21:19:42:406;0;2;
273.2;8.08;21:19:42:606;0;2;
273.4;8.08;21:19:42:806;0;2;
273.6;8.07;21:19:43:006;0;2;
273.8;8.06;21:19:43:206;0;2;
274.0;8.05;21:19:43:406;0;2;
274.2;8.04;21:19:43:606;0;2;
274.4;8.02;21:19:43:806;0;2;
274.6;8.02;21:19:44:006;0;2;
274.8;8.01;21:19:44:206;0;2;
275.0;8.00;21:19:44:406;0;2;
275.2;7.99;21:19:44:606;0;2;
275.4;7.99;21:19:44:806;0;2;
275.6;7.98;21:19:45:006;0;2;
275.8;7.98;21:19:45:206;0;2;
276.0;7.97;21:19:45:406;0;2;
276.2;7.96;21:19:45:606;0;2;
276.4;7.97;21:19:45:806;0;2;
276.6;7.98;21:19:46:006;0;2;
276.8;7.98;21:19:46:206;0;2;
277.0;8.00;21:19:46:406;0;2;
277.2;8.01;21:19:46:606;0;2;
277.4;8.00;21:19:46:806;0;2;
277.6;8.00;21:19:47:006;0;2;
277.8;7.99;21:19:47:206;0;2;
278.0;7.99;21:19:47:406;0;2;
278.2;7.98;21:19:47:606;0;2;
278.4;7.96;21:19:47:806;0;2;
278.6;7.96;21:19:48:006;0;2;
278.8;7.95;21:19:48:206;0;2;
279.0;7.94;21:19:48:406;0;2;
279.2;7.94;21:19:48:606;0;2;
279.4;7.93;21:19:48:806;0;2;
279.6;7.93;21:19:49:006;0;2;
279.8;7.92;21:19:49:206;0;2;
280.0;7.91;21:19:49:406;0;2;
280.2;7.91;21:19:49:606;0;2;
280.4;7.91;21:19:49:806;0;2;
280.6;7.90;21:19:50:006;0;2;
280.8;7.89;21:19:50:206;0;2;
281.0;7.89;21:19:50:406;0;2;
281.2;7.88;21:19:50:606;0;2;
281.4;7.88;21:19:50:806;0;2;
281.6;7.87;21:19:51:006;0;2;
281.8;7.87;21:19:51:206;0;2;
282.0;7.86;21:19:51:406;0;2;
282.2;7.86;21:19:51:606;0;2;
282.4;7.85;21:19:51:806;0;2;
282.6;7.85;21:19:52:006;0;2;
282.8;7.86;21:19:52:206;0;2;
283.0;7.85;21:19:52:406;0;2;
283.2;7.85;21:19:52:606;0;2;
283.4;7.86;21:19:52:806;0;2;
283.6;7.86;21:19:53:006;0;2;
283.8;7.85;21:19:53:206;0;2;
284.0;7.84;21:19:53:406;0;2;
284.2;7.84;21:19:53:606;0;2;
284.4;7.83;21:19:53:806;0;2;
284.6;7.82;21:19:54:006;0;2;
284.8;7.82;21:19:54:206;0;2;
285.0;7.82;21:19:54:406;0;2;
285.2;7.81;21:19:54:606;0;2;
285.4;7.80;21:19:54:806;0;2;
285.6;7.80;21:19:55:006;0;2;
285.8;7.79;21:19:55:206;0;2;
286.0;7.79;21:19:55:406;0;2;
286.2;7.79;21:19:55:606;0;2;
286.4;7.78;21:19:55:806;0;2;
286.6;7.77;21:19:56:006;0;2;
286.8;7.76;21:19:56:206;0;2;
287.0;7.76;21:19:56:406;0;2;
287.2;7.76;21:19:56:606;0;2;
287.4;7.75;21:19:56:806;0;2;
287.6;7.74;21:19:57:006;0;2;
287.8;7.74;21:19:57:206;0;2;
288.0;7.73;21:19:57:406;0;2;
288.2;7.73;21:19:57:606;0;2;
288.4;7.73;21:19:57:806;0;2;
288.6;7.72;21:19:58:006;0;2;
288.8;7.72;21:19:58:206;0;2;
289.0;7.71;21:19:58:406;0;2;
289.2;7.70;21:19:58:606;0;2;
289.4;7.70;21:19:58:806;0;2;
289.6;7.69;21:19:59:006;0;2;
289.8;7.69;21:19:59:206;0;2;
290.0;7.69;21:19:59:406;0;2;
290.2;7.68;21:19:59:606;0;2;
290.4;7.67;21:19:59:806;0;2;
290.6;7.67;21:20:00:006;0;2;
290.8;7.67;21:20:00:206;0;2;
291.0;7.66;21:20:00:406;0;2;
291.2;7.65;21:20:00:606;0;2;
291.4;7.65;21:20:00:806;0;2;
291.6;7.65;21:20:01:006;0;2;
291.8;7.65;21:20:01:206;0;2;
292.0;7.64;21:20:01:406;0;2;
292.2;7.63;21:20:01:606;0;2;
292.4;7.63;21:20:01:806;0;2;
292.6;7.62;21:20:02:006;0;2;
292.8;7.62;21:20:02:206;0;2;
293.0;7.61;21:20:02:406;0;2;
293.2;7.61;21:20:02:606;0;2;
293.4;7.61;21:20:02:806;0;2;
293.6;7.60;21:20:03:006;0;2;
293.8;7.60;21:20:03:206;0;2;
294.0;7.60;21:20:03:406;0;2;
294.2;7.59;21:20:03:606;0;2;
294.4;7.59;21:20:03:806;0;2;
294.6;7.58;21:20:04:006;0;2;
294.8;7.58;21:20:04:206;0;2;
295.0;7.58;21:20:04:406;0;2;
295.2;7.58;21:20:04:606;0;2;
295.4;7.56;21:20:04:806;0;2;
295.6;7.56;21:20:05:006;0;2;
295.8;7.56;21:20:05:206;0;2;
296.0;7.55;21:20:05:406;0;2;
296.2;7.55;21:20:05:606;0;2;
296.4;7.55;21:20:05:806;0;2;
296.6;7.54;21:20:06:006;0;2;
296.8;7.53;21:20:06:206;0;2;
297.0;7.53;21:20:06:406;0;2;
297.2;7.53;21:20:06:606;0;2;
297.4;7.53;21:20:06:806;0;2;
297.6;7.53;21:20:07:006;0;2;
297.8;7.52;21:20:07:206;0;2;
298.0;7.53;21:20:07:406;0;2;
298.2;7.53;21:20:07:606;0;2;
298.4;7.53;21:20:07:806;0;2;
298.6;7.53;21:20:08:006;0;2;
298.8;7.53;21:20:08:206;0;2;
299.0;7.53;21:20:08:406;0;2;
299.2;7.53;21:20:08:606;0;2;
299.4;7.52;21:20:08:806;0;2;
299.6;7.52;21:20:09:006;0;2;
299.8;7.52;21:20:09:206;0;2;
300.0;7.51;21:20:09:406;0;2;
300.2;7.51;21:20:09:606;0;2;
300.4;7.50;21:20:09:806;0;2;
300.6;7.50;21:20:10:006;0;2;
300.8;7.50;21:20:10:206;0;2;
301.0;7.49;21:20:10:406;0;2;
301.2;7.49;21:20:10:606;0;2;
301.4;7.48;21:20:10:806;0;2;
301.6;7.47;21:20:11:006;0;2;
301.8;7.47;21:20:11:206;0;2;
302.0;7.47;21:20:11:406;0;2;
302.2;7.46;21:20:11:606;0;2;
302.4;7.46;21:20:11:806;0;2;
302.6;7.45;21:20:12:006;0;2;
302.8;7.45;21:20:12:206;0;2;
303.0;7.45;21:20:12:406;0;2;
303.2;7.45;21:20:12:606;0;2;
303.4;7.44;21:20:12:806;0;2;
303.6;7.43;21:20:13:006;0;2;
303.8;7.43;21:20:13:206;0;2;
304.0;7.42;21:20:13:406;0;2;
304.2;7.42;21:20:13:606;0;2;
304.4;7.42;21:20:13:806;0;2;
304.6;7.41;21:20:14:006;0;2;
304.8;7.41;21:20:14:206;0;2;
305.0;7.40;21:20:14:406;0;2;
305.2;7.40;21:20:14:606;0;2;
305.4;7.40;21:20:14:806;0;2;
305.6;7.39;21:20:15:006;0;2;
305.8;7.39;21:20:15:206;0;2;
306.0;7.39;21:20:15:406;0;2;
306.2;7.39;21:20:15:606;0;2;
306.4;7.39;21:20:15:806;0;2;
306.6;7.38;21:20:16:006;0;2;
306.8;7.38;21:20:16:206;0;2;
307.0;7.38;21:20:16:406;0;2;
307.2;7.38;21:20:16:606;0;2;
307.4;7.38;21:20:16:806;0;2;
307.6;7.37;21:20:17:006;0;2;
307.8;7.37;21:20:17:206;0;2;
308.0;7.36;21:20:17:406;0;2;
308.2;7.36;21:20:17:606;0;2;
308.4;7.36;21:20:17:806;0;2;
308.6;7.35;21:20:18:006;0;2;
308.8;7.35;21:20:18:206;0;2;
309.0;7.34;21:20:18:406;0;2;
309.2;7.34;21:20:18:606;0;2;
309.4;7.34;21:20:18:806;0;2;
309.6;7.33;21:20:19:006;0;2;
309.8;7.33;21:20:19:206;0;2;
310.0;7.33;21:20:19:406;0;2;
310.2;7.33;21:20:19:606;0;2;
310.4;7.33;21:20:19:806;0;2;
310.6;7.31;21:20:20:006;0;2;
310.8;7.31;21:20:20:206;0;1;
311.0;7.31;21:20:20:406;0;1;
311.2;7.31;21:20:20:606;0;1;
311.4;7.31;21:20:20:806;0;1;
311.6;7.30;21:20:21:006;0;1;
311.8;7.30;21:20:21:206;0;1;
312.0;7.30;21:20:21:406;0;1;
312.2;7.29;21:20:21:606;0;1;
312.4;7.29;21:20:21:806;0;1;
312.6;7.28;21:20:22:006;0;1;
312.8;7.28;21:20:22:206;0;1;
313.0;7.28;21:20:22:406;0;1;
313.2;7.27;21:20:22:606;0;1;
313.4;7.26;21:20:22:806;0;1;
313.6;7.26;21:20:23:006;0;1;
313.8;7.26;21:20:23:206;0;1;
314.0;7.26;21:20:23:406;0;1;
314.2;7.25;21:20:23:606;0;1;
314.4;7.24;21:20:23:806;0;1;
314.6;7.24;21:20:24:006;0;1;
314.8;7.24;21:20:24:206;0;1;
315.0;7.23;21:20:24:406;0;1;
315.2;7.23;21:20:24:606;0;1;
315.4;7.23;21:20:24:806;0;1;
315.6;7.22;21:20:25:006;0;1;
315.8;7.22;21:20:25:206;0;1;
316.0;7.22;21:20:25:406;0;1;
316.2;7.21;21:20:25:606;0;1;
316.4;7.21;21:20:25:806;0;1;
316.6;7.20;21:20:26:006;0;1;
316.8;7.20;21:20:26:206;0;1;
317.0;7.20;21:20:26:406;0;1;
317.2;7.19;21:20:26:606;0;1;
317.4;7.18;21:20:26:806;0;1;
317.6;7.18;21:20:27:006;0;1;
317.8;7.17;21:20:27:206;0;1;
318.0;7.17;21:20:27:406;0;1;
318.2;7.17;21:20:27:606;0;1;
318.4;7.16;21:20:27:806;0;1;
318.6;7.16;21:20:28:006;0;1;
318.8;7.15;21:20:28:206;0;1;
319.0;7.14;21:20:28:406;0;1;
319.2;7.14;21:20:28:606;0;1;
319.4;7.14;21:20:28:806;0;1;
319.6;7.14;21:20:29:006;0;1;
319.8;7.14;21:20:29:206;0;1;
320.0;7.15;21:20:29:406;0;1;
320.2;7.15;21:20:29:606;0;1;
320.4;7.15;21:20:29:806;0;1;
320.6;7.16;21:20:30:006;0;1;
320.8;7.16;21:20:30:206;0;1;
321.0;7.16;21:20:30:406;0;1;
321.2;7.16;21:20:30:606;0;1;
321.4;7.16;21:20:30:806;0;1;
321.6;7.16;21:20:31:006;0;1;
321.8;7.16;21:20:31:206;0;1;
322.0;7.15;21:20:31:406;0;1;
322.2;7.15;21:20:31:606;0;1;
322.4;7.15;21:20:31:806;0;1;
322.6;7.15;21:20:32:006;0;1;
322.8;7.15;21:20:32:206;0;1;
323.0;7.15;21:20:32:406;0;1;
323.2;7.15;21:20:32:606;0;1;
323.4;7.15;21:20:32:806;0;1;
323.6;7.14;21:20:33:006;0;0;
323.8;7.14;21:20:33:206;0;0;
324.0;7.14;21:20:33:406;0;0;
324.2;7.13;21:20:33:606;0;0;
324.4;7.13;21:20:33:806;0;0;
324.6;7.12;21:20:34:006;0;0;
324.8;7.12;21:20:34:206;0;0;
325.0;7.12;21:20:34:406;0;0;
325.2;7.11;21:20:34:606;0;0;
325.4;7.10;21:20:34:806;0;0;
325.6;7.10;21:20:35:006;0;0;
325.8;7.10;21:20:35:206;0;0;
326.0;7.10;21:20:35:406;0;0;
326.2;7.09;21:20:35:606;0;0;
326.4;7.09;21:20:35:806;0;0;
326.6;7.08;21:20:36:006;0;0;
326.8;7.08;21:20:36:206;0;0;
327.0;7.07;21:20:36:406;0;0;
327.2;7.07;21:20:36:606;0;0;
327.4;7.07;21:20:36:806;0;0;
327.6;7.06;21:20:37:006;0;0;
327.8;7.06;21:20:37:206;0;0;
328.0;7.05;21:20:37:406;0;0;
328.2;7.05;21:20:37:606;0;0;
328.4;7.04;21:20:37:806;0;0;
328.6;7.04;21:20:38:006;0;0;
328.8;7.04;21:20:38:206;0;0;
329.0;7.04;21:20:38:406;0;0;
329.2;7.03;21:20:38:606;0;0;
329.4;7.03;21:20:38:806;0;0;
329.6;7.03;21:20:39:006;0;0;
329.8;7.03;21:20:39:206;0;0;
330.0;7.02;21:20:39:406;0;0;
330.2;7.02;21:20:39:606;0;0;
330.4;7.01;21:20:39:806;0;0;
330.6;7.01;21:20:40:006;0;0;
330.8;7.00;21:20:40:206;0;0;
331.0;7.00;21:20:40:406;0;0;
331.2;7.00;21:20:40:606;0;0;
331.4;6.99;21:20:40:806;0;0;
331.6;6.99;21:20:41:006;0;0;
331.8;6.99;21:20:41:206;0;0;
332.0;6.98;21:20:41:406;0;0;
332.2;6.98;21:20:41:606;0;0;
332.4;6.97;21:20:41:806;0;0;
332.6;6.97;21:20:42:006;0;0;
332.8;6.97;21:20:42:206;0;0;
333.0;6.96;21:20:42:406;0;0;
333.2;6.95;21:20:42:606;0;0;
333.4;6.95;21:20:42:806;0;0;
333.6;6.95;21:20:43:006;0;0;
333.8;6.94;21:20:43:206;0;0;
334.0;6.94;21:20:43:406;0;0;
334.2;6.94;21:20:43:606;0;0;
334.4;6.93;21:20:43:806;0;0;
334.6;6.92;21:20:44:006;0;0;
334.8;6.93;21:20:44:206;0;0;
335.0;6.92;21:20:44:406;0;0;
335.2;6.92;21:20:44:606;0;0;
335.4;6.92;21:20:44:806;0;0;
335.6;6.93;21:20:45:006;0;0;
335.8;6.96;21:20:45:206;0;0;
336.0;6.97;21:20:45:406;0;0;
336.2;6.97;21:20:45:606;0;0;
336.4;6.99;21:20:45:806;0;0;
336.6;7.00;21:20:46:006;0;0;
336.8;7.00;21:20:46:206;0;0;
337.0;7.00;21:20:46:406;0;0;
337.2;7.00;21:20:46:606;0;0;
337.4;7.00;21:20:46:806;0;0;
337.6;6.99;21:20:47:006;0;0;
337.8;6.98;21:20:47:206;0;0;
338.0;6.97;21:20:47:406;0;0;
338.2;6.96;21:20:47:606;0;0;
338.4;6.95;21:20:47:806;0;0;
338.6;6.95;21:20:48:006;0;0;
338.8;6.94;21:20:48:206;0;0;
339.0;6.94;21:20:48:406;0;0;
339.2;6.93;21:20:48:606;0;0;
339.4;6.93;21:20:48:806;0;0;
339.6;6.93;21:20:49:006;0;0;
339.8;6.92;21:20:49:206;0;0;
340.0;6.92;21:20:49:406;0;0;
340.2;6.91;21:20:49:606;0;0;
340.4;6.91;21:20:49:806;0;0;
340.6;6.90;21:20:50:006;0;0;
340.8;6.90;21:20:50:206;0;0;
341.0;6.89;21:20:50:406;0;0;
341.2;6.89;21:20:50:606;0;0;
341.4;6.89;21:20:50:806;0;0;
341.6;6.88;21:20:51:006;0;0;
341.8;6.87;21:20:51:206;0;0;
342.0;6.87;21:20:51:406;0;0;
342.2;6.87;21:20:51:606;0;0;
342.4;6.86;21:20:51:806;0;0;
342.6;6.86;21:20:52:006;0;0;
342.8;6.86;21:20:52:206;0;0;
343.0;6.85;21:20:52:406;0;0;
343.2;6.85;21:20:52:606;0;0;
343.4;6.85;21:20:52:806;0;0;
343.6;6.84;21:20:53:006;0;0;
343.8;6.84;21:20:53:206;0;0;
344.0;6.83;21:20:53:406;0;0;
344.2;6.83;21:20:53:606;0;0;
344.4;6.83;21:20:53:806;0;0;
344.6;6.82;21:20:54:006;0;0;
344.8;6.82;21:20:54:206;0;0;
345.0;6.81;21:20:54:406;0;0;
345.2;6.81;21:20:54:606;0;0;
345.4;6.81;21:20:54:806;0;0;
345.6;6.81;21:20:55:006;0;0;
345.8;6.81;21:20:55:206;0;0;
346.0;6.83;21:20:55:406;0;0;
346.2;6.84;21:20:55:606;0;0;
346.4;6.86;21:20:55:806;0;0;
346.6;6.86;21:20:56:006;0;0;
346.8;6.88;21:20:56:206;0;0;
347.0;6.91;21:20:56:406;0;0;
347.2;7.05;21:20:56:606;0;0;
347.4;7.26;21:20:56:806;0;0;
347.6;7.26;21:20:57:006;0;0;
347.8;7.74;21:20:57:206;0;0;
348.0;8.10;21:20:57:406;0;0;
348.2;8.41;21:20:57:606;0;0;
348.4;8.96;21:20:57:806;0;0;
348.6;9.42;21:20:58:006;0;0;
348.8;9.64;21:20:58:206;0;0;
349.0;9.92;21:20:58:406;0;0;
349.2;10.37;21:20:58:606;0;0;
349.4;10.74;21:20:58:806;0;0;
349.6;11.13;21:20:59:006;0;0;
349.8;11.59;21:20:59:206;0;0;
350.0;11.87;21:20:59:406;0;0;
350.2;12.02;21:20:59:606;0;0;
350.4;12.29;21:20:59:806;0;0;
350.6;12.54;21:21:00:006;0;0;
350.8;12.68;21:21:00:206;0;0;
351.0;12.69;21:21:00:406;0;0;
351.2;12.62;21:21:00:606;0;0;
351.4;12.48;21:21:00:806;1;0;
351.6;12.34;21:21:01:006;1;0;
351.8;12.25;21:21:01:206;1;0;
352.0;12.28;21:21:01:406;1;0;
352.2;12.31;21:21:01:606;1;0;
352.4;12.38;21:21:01:806;1;0;
352.6;12.52;21:21:02:006;1;0;
352.8;12.86;21:21:02:206;1;0;
353.0;13.32;21:21:02:406;1;0;
353.2;13.75;21:21:02:606;1;0;
353.4;13.99;21:21:02:806;1;0;
353.6;14.09;21:21:03:006;1;0;
353.8;14.23;21:21:03:206;1;0;
354.0;14.26;21:21:03:406;1;0;
354.2;14.20;21:21:03:606;1;0;
354.4;13.98;21:21:03:806;1;0;
354.6;13.83;21:21:04:006;1;1;
354.8;13.71;21:21:04:206;1;1;
355.0;13.48;21:21:04:406;1;1;
355.2;13.27;21:21:04:606;1;1;
355.4;13.21;21:21:04:806;1;1;
355.6;13.24;21:21:05:006;1;1;
355.8;13.33;21:21:05:206;1;1;
356.0;13.46;21:21:05:406;1;1;
356.2;13.46;21:21:05:606;1;1;
356.4;13.34;21:21:05:806;1;1;
356.6;13.18;21:21:06:006;1;1;
356.8;13.09;21:21:06:206;1;1;
357.0;12.93;21:21:06:406;1;1;
357.2;12.70;21:21:06:606;1;1;
357.4;12.50;21:21:06:806;1;2;
357.6;12.30;21:21:07:006;1;2;
357.8;12.16;21:21:07:206;1;2;
358.0;12.08;21:21:07:406;1;2;
358.2;12.04;21:21:07:606;1;2;
358.4;11.95;21:21:07:806;1;2;
358.6;11.84;21:21:08:006;1;2;
358.8;11.75;21:21:08:206;1;2;
359.0;11.72;21:21:08:406;1;2;
359.2;11.66;21:21:08:606;1;2;
359.4;11.57;21:21:08:806;1;2;
359.6;11.50;21:21:09:006;1;2;
359.8;11.44;21:21:09:206;1;2;
360.0;11.38;21:21:09:406;1;2;
360.2;11.35;21:21:09:606;1;2;
360.4;11.32;21:21:09:806;1;2;
360.6;11.26;21:21:10:006;1;2;
360.8;11.20;21:21:10:206;1;2;
361.0;11.15;21:21:10:406;1;2;
361.2;11.11;21:21:10:606;1;2;
361.4;11.09;21:21:10:806;1;2;
361.6;11.18;21:21:11:006;1;2;
361.8;11.50;21:21:11:206;1;2;
362.0;12.32;21:21:11:406;1;2;
362.2;13.38;21:21:11:606;1;2;
362.4;13.83;21:21:11:806;1;2;
362.6;14.29;21:21:12:006;1;2;
362.8;14.92;21:21:12:206;0;2;
363.0;15.16;21:21:12:406;0;2;
363.2;15.21;21:21:12:606;0;2;
363.4;15.09;21:21:12:806;0;2;
363.6;15.01;21:21:13:006;0;2;
363.8;14.82;21:21:13:206;0;2;
364.0;14.50;21:21:13:406;0;2;
364.2;14.18;21:21:13:606;0;2;
364.4;13.93;21:21:13:806;0;2;
364.6;13.78;21:21:14:006;0;2;
364.8;13.71;21:21:14:206;0;2;
365.0;13.73;21:21:14:406;0;2;
365.2;13.91;21:21:14:606;1;2;
365.4;14.46;21:21:14:806;1;2;
365.6;15.05;21:21:15:006;1;2;
365.8;15.26;21:21:15:206;1;2;
366.0;15.41;21:21:15:406;1;2;
366.2;15.57;21:21:15:606;1;2;
366.4;15.54;21:21:15:806;1;2;
366.6;15.32;21:21:16:006;1;3;
366.8;14.99;21:21:16:206;1;3;
367.0;14.84;21:21:16:406;1;3;
367.2;14.63;21:21:16:606;1;3;
367.4;14.32;21:21:16:806;1;3;
367.6;14.11;21:21:17:006;1;3;
367.8;13.96;21:21:17:206;1;3;
368.0;13.86;21:21:17:406;1;3;
368.2;13.81;21:21:17:606;1;3;
368.4;13.73;21:21:17:806;1;3;
368.6;13.60;21:21:18:006;1;3;
368.8;13.47;21:21:18:206;1;3;
369.0;13.34;21:21:18:406;1;3;
369.2;13.28;21:21:18:606;1;3;
369.4;13.21;21:21:18:806;1;3;
369.6;13.10;21:21:19:006;1;3;
369.8;13.01;21:21:19:206;1;4;
370.0;12.90;21:21:19:406;1;4;
370.2;12.80;21:21:19:606;1;4;
370.4;12.77;21:21:19:806;1;4;
370.6;12.71;21:21:20:006;1;4;
370.8;12.63;21:21:20:206;1;4;
371.0;12.54;21:21:20:406;1;4;
371.2;12.46;21:21:20:606;1;4;
371.4;12.40;21:21:20:806;1;4;
371.6;12.37;21:21:21:006;1;4;
371.8;12.33;21:21:21:206;0;4;
372.0;12.25;21:21:21:406;0;4;
372.2;12.18;21:21:21:606;0;4;
372.4;12.12;21:21:21:806;0;4;
372.6;12.09;21:21:22:006;0;4;
372.8;12.07;21:21:22:206;0;4;
373.0;12.11;21:21:22:406;0;4;
373.2;12.25;21:21:22:606;0;4;
373.4;12.54;21:21:22:806;0;4;
373.6;12.82;21:21:23:006;0;4;
373.8;12.92;21:21:23:206;0;4;
374.0;13.00;21:21:23:406;0;4;
374.2;13.07;21:21:23:606;0;4;
374.4;13.01;21:21:23:806;0;4;
374.6;12.89;21:21:24:006;0;4;
374.8;12.79;21:21:24:206;0;4;
375.0;12.77;21:21:24:406;0;4;
375.2;12.80;21:21:24:606;0;4;
375.4;12.88;21:21:24:806;0;4;
375.6;12.97;21:21:25:006;0;4;
375.8;13.09;21:21:25:206;0;4;
376.0;13.32;21:21:25:406;0;4;
376.2;13.49;21:21:25:606;0;4;
376.4;13.79;21:21:25:806;0;4;
376.6;14.19;21:21:26:006;0;4;
376.8;14.45;21:21:26:206;1;4;
377.0;14.75;21:21:26:406;1;4;
377.2;14.91;21:21:26:606;1;4;
377.4;15.13;21:21:26:806;1;4;
377.6;15.43;21:21:27:006;1;4;
377.8;15.52;21:21:27:206;1;5;
378.0;15.47;21:21:27:406;1;5;
378.2;15.29;21:21:27:606;1;5;
378.4;15.17;21:21:27:806;1;5;
378.6;14.97;21:21:28:006;1;5;
378.8;14.65;21:21:28:206;1;5;
379.0;14.36;21:21:28:406;1;5;
379.2;14.09;21:21:28:606;1;5;
379.4;13.99;21:21:28:806;1;5;
379.6;13.89;21:21:29:006;1;5;
379.8;13.68;21:21:29:206;1;5;
380.0;13.48;21:21:29:406;1;5;
380.2;13.32;21:21:29:606;1;5;
380.4;13.23;21:21:29:806;1;5;
380.6;13.21;21:21:30:006;1;5;
380.8;13.23;21:21:30:206;1;5;
381.0;13.30;21:21:30:406;1;5;
381.2;13.37;21:21:30:606;1;5;
381.4;13.36;21:21:30:806;1;5;
381.6;13.30;21:21:31:006;1;6;
381.8;13.27;21:21:31:206;1;6;
382.0;13.20;21:21:31:406;1;6;
382.2;13.08;21:21:31:606;1;6;
382.4;12.98;21:21:31:806;1;6;
382.6;12.87;21:21:32:006;1;6;
382.8;12.77;21:21:32:206;0;6;
383.0;12.73;21:21:32:406;0;6;
383.2;12.67;21:21:32:606;0;6;
383.4;12.55;21:21:32:806;0;6;
383.6;12.54;21:21:33:006;0;6;
383.8;12.54;21:21:33:206;0;6;
384.0;12.72;21:21:33:406;0;6;
384.2;12.72;21:21:33:606;0;6;
384.4;13.05;21:21:33:806;0;6;
384.6;13.55;21:21:34:006;0;6;
384.8;13.73;21:21:34:206;0;6;
385.0;13.79;21:21:34:406;0;6;
385.2;13.70;21:21:34:606;0;6;
385.4;13.70;21:21:34:806;0;6;
385.6;13.40;21:21:35:006;0;6;
385.8;13.20;21:21:35:206;0;6;
386.0;13.03;21:21:35:406;0;6;
386.2;12.80;21:21:35:606;0;6;
386.4;12.69;21:21:35:806;0;6;
386.6;12.69;21:21:36:006;0;6;
386.8;12.54;21:21:36:206;0;6;
387.0;12.47;21:21:36:406;0;6;
387.2;12.36;21:21:36:606;0;6;
387.4;12.30;21:21:36:806;0;6;
387.6;12.30;21:21:37:006;0;6;
387.8;12.25;21:21:37:206;0;6;
388.0;12.16;21:21:37:406;1;6;
388.2;12.11;21:21:37:606;1;6;
388.4;12.04;21:21:37:806;1;6;
388.6;11.98;21:21:38:006;1;7;
388.8;11.98;21:21:38:206;0;7;
389.0;11.92;21:21:38:406;0;7;
389.2;11.89;21:21:38:606;0;7;
389.4;11.84;21:21:38:806;0;7;
389.6;11.82;21:21:39:006;0;7;
389.8;11.84;21:21:39:206;0;7;
390.0;11.84;21:21:39:406;0;7;
390.2;11.84;21:21:39:606;0;7;
390.4;11.83;21:21:39:806;0;7;
390.6;11.80;21:21:40:006;0;7;
390.8;11.77;21:21:40:206;0;7;
391.0;11.77;21:21:40:406;0;7;
391.2;11.81;21:21:40:606;0;7;
391.4;12.00;21:21:40:806;0;7;
391.6;12.12;21:21:41:006;0;7;
391.8;12.27;21:21:41:206;0;7;
392.0;12.30;21:21:41:406;0;7;
392.2;12.30;21:21:41:606;0;7;
392.4;12.25;21:21:41:806;0;7;
392.6;12.16;21:21:42:006;0;7;
392.8;12.11;21:21:42:206;0;7;
393.0;12.01;21:21:42:406;0;7;
393.2;11.96;21:21:42:606;0;7;
393.4;11.96;21:21:42:806;0;7;
393.6;11.88;21:21:43:006;0;7;
393.8;11.82;21:21:43:206;0;7;
394.0;11.79;21:21:43:406;0;7;
394.2;11.90;21:21:43:606;0;7;
394.4;11.90;21:21:43:806;0;7;
394.6;12.11;21:21:44:006;0;7;
394.8;12.53;21:21:44:206;0;7;
395.0;12.80;21:21:44:406;0;7;
395.2;13.09;21:21:44:606;1;7;
395.4;13.15;21:21:44:806;1;7;
395.6;13.15;21:21:45:006;1;7;
395.8;13.17;21:21:45:206;1;8;
396.0;13.41;21:21:45:406;1;8;
396.2;13.69;21:21:45:606;1;8;
396.4;14.01;21:21:45:806;1;8;
396.6;14.12;21:21:46:006;1;8;
396.8;14.12;21:21:46:206;0;8;
397.0;14.34;21:21:46:406;0;8;
397.2;14.42;21:21:46:606;0;8;
397.4;14.40;21:21:46:806;0;8;
397.6;14.24;21:21:47:006;0;8;
397.8;14.24;21:21:47:206;0;8;
398.0;14.06;21:21:47:406;0;8;
398.2;13.69;21:21:47:606;1;8;
398.4;13.46;21:21:47:806;1;8;
398.6;13.24;21:21:48:006;1;8;
398.8;13.21;21:21:48:206;1;8;
399.0;13.21;21:21:48:406;1;8;
399.2;13.20;21:21:48:606;1;8;
399.4;13.21;21:21:48:806;1;8;
399.6;13.23;21:21:49:006;1;8;
399.8;13.22;21:21:49:206;1;8;