Device: Xiaomi Redmi Note 7; eSense app version: 4.9.0; android version: 10;
DESCRIPCIÓN;VALOR
NOMBRE DE LA GRABACIÓN;Grabación-15112020-164817;;;;
FECHA (HH:MM:SS);15.11.20 16:48:17;;;;
TIEMPO (HH:MM:SS);00:05:18;;;;
MÁXIMO;7.11 µS;;;;
MÍNIMO;5.06 µS;;;;
DIFERENCIA MIN/MAX;2.05 µS;;;;
MEDIA DE LA SESIÓN;5.89 µS;;;;
AUMENTO DEL TIEMPO (HH:MM:SS);00:01:23;;;;
TIEMPO INVARIABLE (HH:MM:SS);00:00:20;;;;
DISMINUCIÓN DEL TIEMPO (HH:MM:SS);00:03:33;;;;
;;;;;
TOTAL SCR;21;;;;
% DE SCR DE LA SESIÓN;27.9%;;;;
Manos rojas;0;;;;
Manos naranjas;8;;;;
Manos amarillas;45;;;;
Manos verdes;11;;;;
0-5 SCR/MIN (HH:MM:SS);00:04:53;;;;
6-9 SCR/MIN (HH:MM:SS);00:00:27;;;;
10-15 SCR/MIN (HH:MM:SS);00:00:00;;;;
>16 SCR/MIN (HH:MM:SS);00:00:00;;;;
ESTRELLAS;1;;;;
ESTRELLAS CON COLA;0;;;;
;;;;;
STATISTICS;;;;;
SECOND;MICROSIEMENS;TIMESTAMP;SCR;SCR/MIN;MARKER
0.0;5.18;16:48:17:347;0;0;
0.2;5.22;16:48:17:547;0;0;
0.4;5.23;16:48:17:747;0;0;
0.6;5.23;16:48:17:947;0;0;
0.8;5.23;16:48:18:147;0;0;
1.0;5.23;16:48:18:347;0;0;
1.2;5.22;16:48:18:547;0;0;
1.4;5.21;16:48:18:747;0;0;
1.6;5.21;16:48:18:947;0;0;
1.8;5.21;16:48:19:147;0;0;
2.0;5.21;16:48:19:347;0;0;
2.2;5.20;16:48:19:547;0;0;
2.4;5.20;16:48:19:747;0;0;
2.6;5.20;16:48:19:947;0;0;
2.8;5.19;16:48:20:147;0;0;
3.0;5.18;16:48:20:347;0;0;
3.2;5.19;16:48:20:547;0;0;
3.4;5.18;16:48:20:747;0;0;
3.6;5.17;16:48:20:947;0;0;
3.8;5.17;16:48:21:147;0;0;
4.0;5.17;16:48:21:347;0;0;
4.2;5.18;16:48:21:547;0;0;
4.4;5.19;16:48:21:747;0;0;
4.6;5.22;16:48:21:947;0;0;
4.8;5.27;16:48:22:147;0;0;
5.0;5.29;16:48:22:347;0;0;
5.2;5.32;16:48:22:547;0;0;
5.4;5.33;16:48:22:747;0;0;
5.6;5.33;16:48:22:947;0;0;
5.8;5.34;16:48:23:147;0;0;
6.0;5.37;16:48:23:347;0;0;
6.2;5.40;16:48:23:547;0;0;
6.4;5.43;16:48:23:747;0;0;
6.6;5.46;16:48:23:947;0;0;
6.8;5.49;16:48:24:147;0;0;
7.0;5.49;16:48:24:347;0;0;
7.2;5.50;16:48:24:547;0;0;
7.4;5.50;16:48:24:747;0;0;
7.6;5.50;16:48:24:947;0;0;
7.8;5.52;16:48:25:147;0;0;
8.0;5.54;16:48:25:347;0;0;
8.2;5.56;16:48:25:547;0;0;
8.4;5.58;16:48:25:747;0;0;
8.6;5.58;16:48:25:947;1;0;
8.8;5.57;16:48:26:147;1;0;
9.0;5.56;16:48:26:347;1;0;
9.2;5.54;16:48:26:547;1;0;
9.4;5.52;16:48:26:747;1;0;
9.6;5.49;16:48:26:947;1;0;
9.8;5.46;16:48:27:147;1;0;
10.0;5.45;16:48:27:347;1;0;
10.2;5.44;16:48:27:547;1;0;
10.4;5.41;16:48:27:747;1;0;
10.6;5.39;16:48:27:947;1;0;
10.8;5.38;16:48:28:147;1;0;
11.0;5.36;16:48:28:347;1;0;
11.2;5.34;16:48:28:547;1;0;
11.4;5.33;16:48:28:747;1;0;
11.6;5.33;16:48:28:947;1;0;
11.8;5.31;16:48:29:147;1;0;
12.0;5.30;16:48:29:347;1;0;
12.2;5.29;16:48:29:547;1;1;
12.4;5.29;16:48:29:747;1;1;
12.6;5.29;16:48:29:947;1;1;
12.8;5.30;16:48:30:147;1;1;
13.0;5.30;16:48:30:347;1;1;
13.2;5.31;16:48:30:547;1;1;
13.4;5.31;16:48:30:747;1;1;
13.6;5.31;16:48:30:947;1;1;
13.8;5.31;16:48:31:147;1;1;
14.0;5.31;16:48:31:347;0;1;
14.2;5.31;16:48:31:547;0;1;
14.4;5.30;16:48:31:747;0;1;
14.6;5.30;16:48:31:947;0;1;
14.8;5.30;16:48:32:147;0;1;
15.0;5.30;16:48:32:347;0;1;
15.2;5.31;16:48:32:547;0;1;
15.4;5.30;16:48:32:747;0;1;
15.6;5.30;16:48:32:947;0;1;
15.8;5.30;16:48:33:147;0;1;
16.0;5.29;16:48:33:347;0;1;
16.2;5.26;16:48:33:547;0;1;
16.4;5.25;16:48:33:747;0;1;
16.6;5.23;16:48:33:947;0;1;
16.8;5.21;16:48:34:147;0;1;
17.0;5.21;16:48:34:347;0;1;
17.2;5.21;16:48:34:547;0;1;
17.4;5.19;16:48:34:747;0;1;
17.6;5.17;16:48:34:947;0;1;
17.8;5.16;16:48:35:147;0;1;
18.0;5.14;16:48:35:347;0;1;
18.2;5.13;16:48:35:547;0;1;
18.4;5.12;16:48:35:747;0;1;
18.6;5.11;16:48:35:947;0;1;
18.8;5.10;16:48:36:147;0;1;
19.0;5.08;16:48:36:347;0;1;
19.2;5.08;16:48:36:547;0;1;
19.4;5.08;16:48:36:747;0;1;
19.6;5.08;16:48:36:947;0;1;
19.8;5.08;16:48:37:147;0;1;
20.0;5.09;16:48:37:347;0;1;
20.2;5.10;16:48:37:547;0;1;
20.4;5.10;16:48:37:747;0;1;
20.6;5.09;16:48:37:947;0;1;
20.8;5.08;16:48:38:147;0;1;
21.0;5.08;16:48:38:347;0;1;
21.2;5.09;16:48:38:547;0;1;
21.4;5.08;16:48:38:747;0;1;
21.6;5.07;16:48:38:947;0;1;
21.8;5.07;16:48:39:147;0;1;
22.0;5.08;16:48:39:347;0;1;
22.2;5.07;16:48:39:547;0;1;
22.4;5.06;16:48:39:747;0;1;
22.6;5.07;16:48:39:947;0;1;
22.8;5.08;16:48:40:147;0;1;
23.0;5.09;16:48:40:347;0;1;
23.2;5.13;16:48:40:547;0;1;
23.4;5.13;16:48:40:747;0;1;
23.6;5.17;16:48:40:947;0;1;
23.8;5.20;16:48:41:147;0;1;
24.0;5.23;16:48:41:347;0;1;
24.2;5.23;16:48:41:547;0;1;
24.4;5.27;16:48:41:747;0;1;
24.6;5.28;16:48:41:947;0;1;
24.8;5.29;16:48:42:147;0;1;
25.0;5.35;16:48:42:347;0;1;
25.2;5.39;16:48:42:547;0;1;
25.4;5.39;16:48:42:747;0;1;
25.6;5.43;16:48:42:947;0;1;
25.8;5.45;16:48:43:147;0;1;
26.0;5.46;16:48:43:347;0;1;
26.2;5.44;16:48:43:547;0;1;
26.4;5.44;16:48:43:747;0;1;
26.6;5.44;16:48:43:947;0;1;
26.8;5.42;16:48:44:147;0;1;
27.0;5.40;16:48:44:347;0;1;
27.2;5.37;16:48:44:547;0;1;
27.4;5.35;16:48:44:747;1;1;
27.6;5.35;16:48:44:947;1;1;
27.8;5.34;16:48:45:147;1;1;
28.0;5.34;16:48:45:347;1;1;
28.2;5.36;16:48:45:547;1;1;
28.4;5.38;16:48:45:747;1;1;
28.6;5.40;16:48:45:947;1;1;
28.8;5.42;16:48:46:147;1;1;
29.0;5.45;16:48:46:347;1;1;
29.2;5.50;16:48:46:547;1;1;
29.4;5.53;16:48:46:747;1;1;
29.6;5.54;16:48:46:947;1;1;
29.8;5.54;16:48:47:147;1;2;
30.0;5.54;16:48:47:347;1;2;
30.2;5.54;16:48:47:547;1;2;
30.4;5.53;16:48:47:747;1;2;
30.6;5.50;16:48:47:947;1;2;
30.8;5.47;16:48:48:147;1;2;
31.0;5.47;16:48:48:347;1;2;
31.2;5.46;16:48:48:547;1;2;
31.4;5.45;16:48:48:747;1;2;
31.6;5.43;16:48:48:947;1;2;
31.8;5.43;16:48:49:147;1;2;
32.0;5.46;16:48:49:347;1;2;
32.2;5.49;16:48:49:547;1;2;
32.4;5.49;16:48:49:747;1;2;
32.6;5.53;16:48:49:947;1;2;
32.8;5.55;16:48:50:147;1;2;
33.0;5.56;16:48:50:347;1;2;
33.2;5.55;16:48:50:547;1;2;
33.4;5.54;16:48:50:747;1;3;
33.6;5.54;16:48:50:947;1;3;
33.8;5.52;16:48:51:147;1;3;
34.0;5.50;16:48:51:347;1;3;
34.2;5.47;16:48:51:547;1;3;
34.4;5.45;16:48:51:747;1;3;
34.6;5.43;16:48:51:947;1;3;
34.8;5.43;16:48:52:147;1;3;
35.0;5.41;16:48:52:347;1;3;
35.2;5.40;16:48:52:547;1;3;
35.4;5.38;16:48:52:747;1;3;
35.6;5.38;16:48:52:947;1;3;
35.8;5.37;16:48:53:147;1;3;
36.0;5.37;16:48:53:347;1;3;
36.2;5.36;16:48:53:547;1;3;
36.4;5.34;16:48:53:747;1;3;
36.6;5.33;16:48:53:947;1;4;
36.8;5.33;16:48:54:147;1;4;
37.0;5.31;16:48:54:347;1;4;
37.2;5.31;16:48:54:547;1;4;
37.4;5.30;16:48:54:747;1;4;
37.6;5.29;16:48:54:947;1;4;
37.8;5.27;16:48:55:147;1;4;
38.0;5.26;16:48:55:347;1;4;
38.2;5.26;16:48:55:547;1;4;
38.4;5.26;16:48:55:747;1;4;
38.6;5.24;16:48:55:947;1;4;
38.8;5.24;16:48:56:147;1;4;
39.0;5.22;16:48:56:347;0;4;
39.2;5.21;16:48:56:547;0;4;
39.4;5.20;16:48:56:747;0;4;
39.6;5.20;16:48:56:947;0;4;
39.8;5.19;16:48:57:147;0;4;
40.0;5.17;16:48:57:347;0;4;
40.2;5.16;16:48:57:547;0;4;
40.4;5.15;16:48:57:747;0;4;
40.6;5.15;16:48:57:947;0;4;
40.8;5.14;16:48:58:147;0;4;
41.0;5.13;16:48:58:347;0;4;
41.2;5.13;16:48:58:547;0;4;
41.4;5.17;16:48:58:747;0;4;
41.6;5.21;16:48:58:947;0;4;
41.8;5.24;16:48:59:147;0;4;
42.0;5.29;16:48:59:347;0;4;
42.2;5.38;16:48:59:547;0;4;
42.4;5.42;16:48:59:747;0;4;
42.6;5.45;16:48:59:947;0;4;
42.8;5.48;16:49:00:147;0;4;
43.0;5.49;16:49:00:347;0;4;
43.2;5.48;16:49:00:547;0;4;
43.4;5.46;16:49:00:747;0;4;
43.6;5.45;16:49:00:947;0;4;
43.8;5.42;16:49:01:147;0;4;
44.0;5.40;16:49:01:347;0;4;
44.2;5.38;16:49:01:547;0;4;
44.4;5.36;16:49:01:747;0;4;
44.6;5.34;16:49:01:947;0;4;
44.8;5.36;16:49:02:147;0;4;
45.0;5.36;16:49:02:347;0;4;
45.2;5.41;16:49:02:547;0;4;
45.4;5.41;16:49:02:747;0;4;
45.6;5.46;16:49:02:947;0;4;
45.8;5.47;16:49:03:147;0;4;
46.0;5.48;16:49:03:347;1;4;
46.2;5.50;16:49:03:547;1;4;
46.4;5.48;16:49:03:747;1;4;
46.6;5.48;16:49:03:947;1;5;
46.8;5.46;16:49:04:147;1;5;
47.0;5.44;16:49:04:347;0;5;
47.2;5.41;16:49:04:547;0;5;
47.4;5.39;16:49:04:747;0;5;
47.6;5.38;16:49:04:947;0;5;
47.8;5.38;16:49:05:147;0;5;
48.0;5.36;16:49:05:347;0;5;
48.2;5.34;16:49:05:547;0;5;
48.4;5.32;16:49:05:747;0;5;
48.6;5.32;16:49:05:947;0;5;
48.8;5.31;16:49:06:147;0;5;
49.0;5.31;16:49:06:347;0;5;
49.2;5.33;16:49:06:547;0;5;
49.4;5.37;16:49:06:747;0;5;
49.6;5.43;16:49:06:947;0;5;
49.8;5.44;16:49:07:147;0;5;
50.0;5.47;16:49:07:347;0;5;
50.2;5.49;16:49:07:547;0;5;
50.4;5.49;16:49:07:747;0;5;
50.6;5.50;16:49:07:947;0;5;
50.8;5.53;16:49:08:147;0;5;
51.0;5.55;16:49:08:347;0;5;
51.2;5.56;16:49:08:547;0;5;
51.4;5.58;16:49:08:747;0;5;
51.6;5.63;16:49:08:947;0;5;
51.8;5.64;16:49:09:147;0;5;
52.0;5.63;16:49:09:347;0;5;
52.2;5.63;16:49:09:547;0;5;
52.4;5.63;16:49:09:747;0;5;
52.6;5.63;16:49:09:947;0;5;
52.8;5.64;16:49:10:147;0;5;
53.0;5.67;16:49:10:347;0;5;
53.2;5.68;16:49:10:547;1;5;
53.4;5.69;16:49:10:747;1;5;
53.6;5.69;16:49:10:947;1;5;
53.8;5.69;16:49:11:147;1;5;
54.0;5.71;16:49:11:347;1;5;
54.2;5.74;16:49:11:547;1;5;
54.4;5.79;16:49:11:747;1;5;
54.6;5.83;16:49:11:947;1;5;
54.8;5.85;16:49:12:147;1;5;
55.0;5.87;16:49:12:347;1;5;
55.2;5.88;16:49:12:547;1;5;
55.4;5.87;16:49:12:747;1;6;
55.6;5.87;16:49:12:947;1;6;
55.8;5.86;16:49:13:147;1;6;
56.0;5.86;16:49:13:347;1;6;
56.2;5.84;16:49:13:547;1;6;
56.4;5.84;16:49:13:747;1;6;
56.6;5.83;16:49:13:947;1;6;
56.8;5.83;16:49:14:147;1;6;
57.0;5.83;16:49:14:347;1;6;
57.2;5.83;16:49:14:547;1;6;
57.4;5.83;16:49:14:747;1;6;
57.6;5.83;16:49:14:947;1;6;
57.8;5.83;16:49:15:147;1;6;
58.0;5.83;16:49:15:347;1;6;
58.2;5.82;16:49:15:547;1;6;
58.4;5.82;16:49:15:747;1;6;
58.6;5.81;16:49:15:947;1;7;
58.8;5.79;16:49:16:147;1;7;
59.0;5.79;16:49:16:347;1;7;
59.2;5.78;16:49:16:547;1;7;
59.4;5.77;16:49:16:747;1;7;
59.6;5.77;16:49:16:947;1;7;
59.8;5.77;16:49:17:147;1;7;
60.0;5.77;16:49:17:347;1;7;
60.2;5.76;16:49:17:547;1;7;
60.4;5.76;16:49:17:747;1;7;
60.6;5.76;16:49:17:947;1;7;
60.8;5.75;16:49:18:147;1;7;
61.0;5.75;16:49:18:347;1;7;
61.2;5.74;16:49:18:547;1;7;
61.4;5.72;16:49:18:747;1;7;
61.6;5.72;16:49:18:947;1;7;
61.8;5.71;16:49:19:147;1;7;
62.0;5.70;16:49:19:347;1;7;
62.2;5.69;16:49:19:547;1;7;
62.4;5.67;16:49:19:747;1;7;
62.6;5.64;16:49:19:947;1;7;
62.8;5.64;16:49:20:147;1;7;
63.0;5.63;16:49:20:347;1;7;
63.2;5.61;16:49:20:547;1;7;
63.4;5.60;16:49:20:747;1;7;
63.6;5.59;16:49:20:947;1;7;
63.8;5.57;16:49:21:147;1;7;
64.0;5.56;16:49:21:347;0;7;
64.2;5.56;16:49:21:547;0;7;
64.4;5.55;16:49:21:747;0;7;
64.6;5.55;16:49:21:947;0;7;
64.8;5.56;16:49:22:147;0;7;
65.0;5.60;16:49:22:347;0;7;
65.2;5.61;16:49:22:547;0;7;
65.4;5.63;16:49:22:747;0;7;
65.6;5.66;16:49:22:947;0;7;
65.8;5.63;16:49:23:147;0;7;
66.0;5.57;16:49:23:347;0;7;
66.2;5.54;16:49:23:547;0;7;
66.4;5.52;16:49:23:747;0;7;
66.6;5.52;16:49:23:947;0;7;
66.8;5.53;16:49:24:147;0;7;
67.0;5.52;16:49:24:347;0;7;
67.2;5.47;16:49:24:547;0;7;
67.4;5.45;16:49:24:747;0;7;
67.6;5.38;16:49:24:947;0;7;
67.8;5.35;16:49:25:147;0;7;
68.0;5.33;16:49:25:347;0;7;
68.2;5.32;16:49:25:547;0;7;
68.4;5.32;16:49:25:747;0;7;
68.6;5.32;16:49:25:947;0;7;
68.8;5.32;16:49:26:147;0;7;
69.0;5.33;16:49:26:347;0;7;
69.2;5.34;16:49:26:547;0;7;
69.4;5.33;16:49:26:747;0;7;
69.6;5.33;16:49:26:947;0;7;
69.8;5.36;16:49:27:147;0;7;
70.0;5.36;16:49:27:347;0;7;
70.2;5.36;16:49:27:547;0;7;
70.4;5.39;16:49:27:747;0;7;
70.6;5.43;16:49:27:947;0;7;
70.8;5.43;16:49:28:147;0;7;
71.0;5.43;16:49:28:347;0;7;
71.2;5.43;16:49:28:547;0;7;
71.4;5.43;16:49:28:747;0;7;
71.6;5.43;16:49:28:947;0;7;
71.8;5.45;16:49:29:147;0;7;
72.0;5.47;16:49:29:347;0;7;
72.2;5.49;16:49:29:547;0;7;
72.4;5.49;16:49:29:747;0;6;
72.6;5.49;16:49:29:947;0;6;
72.8;5.49;16:49:30:147;0;6;
73.0;5.49;16:49:30:347;0;6;
73.2;5.46;16:49:30:547;0;6;
73.4;5.45;16:49:30:747;0;6;
73.6;5.45;16:49:30:947;0;6;
73.8;5.41;16:49:31:147;0;6;
74.0;5.39;16:49:31:347;0;6;
74.2;5.38;16:49:31:547;0;6;
74.4;5.37;16:49:31:747;0;6;
74.6;5.37;16:49:31:947;0;6;
74.8;5.35;16:49:32:147;0;6;
75.0;5.34;16:49:32:347;0;6;
75.2;5.34;16:49:32:547;0;6;
75.4;5.33;16:49:32:747;0;6;
75.6;5.32;16:49:32:947;0;6;
75.8;5.32;16:49:33:147;0;6;
76.0;5.32;16:49:33:347;0;6;
76.2;5.30;16:49:33:547;0;6;
76.4;5.30;16:49:33:747;0;6;
76.6;5.31;16:49:33:947;0;6;
76.8;5.34;16:49:34:147;0;6;
77.0;5.34;16:49:34:347;0;6;
77.2;5.37;16:49:34:547;0;6;
77.4;5.39;16:49:34:747;0;6;
77.6;5.42;16:49:34:947;0;6;
77.8;5.42;16:49:35:147;0;6;
78.0;5.42;16:49:35:347;0;6;
78.2;5.42;16:49:35:547;0;6;
78.4;5.43;16:49:35:747;0;6;
78.6;5.43;16:49:35:947;0;6;
78.8;5.47;16:49:36:147;0;6;
79.0;5.54;16:49:36:347;0;6;
79.2;5.54;16:49:36:547;0;6;
79.4;5.63;16:49:36:747;0;6;
79.6;5.72;16:49:36:947;0;6;
79.8;5.77;16:49:37:147;0;6;
80.0;5.81;16:49:37:347;0;6;
80.2;5.81;16:49:37:547;0;6;
80.4;5.81;16:49:37:747;0;6;
80.6;5.80;16:49:37:947;0;6;
80.8;5.79;16:49:38:147;0;6;
81.0;5.78;16:49:38:347;0;6;
81.2;5.78;16:49:38:547;0;6;
81.4;5.80;16:49:38:747;0;6;
81.6;5.80;16:49:38:947;0;6;
81.8;5.81;16:49:39:147;0;6;
82.0;5.81;16:49:39:347;0;6;
82.2;5.79;16:49:39:547;0;6;
82.4;5.78;16:49:39:747;0;6;
82.6;5.77;16:49:39:947;0;6;
82.8;5.77;16:49:40:147;0;6;
83.0;5.75;16:49:40:347;0;6;
83.2;5.74;16:49:40:547;0;6;
83.4;5.73;16:49:40:747;0;6;
83.6;5.73;16:49:40:947;0;6;
83.8;5.72;16:49:41:147;0;6;
84.0;5.72;16:49:41:347;0;6;
84.2;5.71;16:49:41:547;0;6;
84.4;5.71;16:49:41:747;0;6;
84.6;5.70;16:49:41:947;0;6;
84.8;5.69;16:49:42:147;0;6;
85.0;5.69;16:49:42:347;0;6;
85.2;5.69;16:49:42:547;0;6;
85.4;5.68;16:49:42:747;0;6;
85.6;5.66;16:49:42:947;0;6;
85.8;5.66;16:49:43:147;0;6;
86.0;5.66;16:49:43:347;0;6;
86.2;5.66;16:49:43:547;0;6;
86.4;5.64;16:49:43:747;0;6;
86.6;5.64;16:49:43:947;0;6;
86.8;5.63;16:49:44:147;0;6;
87.0;5.62;16:49:44:347;0;6;
87.2;5.62;16:49:44:547;0;6;
87.4;5.62;16:49:44:747;0;6;
87.6;5.61;16:49:44:947;0;6;
87.8;5.60;16:49:45:147;0;6;
88.0;5.57;16:49:45:347;0;6;
88.2;5.57;16:49:45:547;0;6;
88.4;5.55;16:49:45:747;0;6;
88.6;5.55;16:49:45:947;0;6;
88.8;5.54;16:49:46:147;0;6;
89.0;5.54;16:49:46:347;0;6;
89.2;5.54;16:49:46:547;0;6;
89.4;5.57;16:49:46:747;0;6;
89.6;5.64;16:49:46:947;0;6;
89.8;5.64;16:49:47:147;0;5;
90.0;5.68;16:49:47:347;0;5;
90.2;5.72;16:49:47:547;0;5;
90.4;5.75;16:49:47:747;0;5;
90.6;5.76;16:49:47:947;0;5;
90.8;5.76;16:49:48:147;0;5;
91.0;5.74;16:49:48:347;0;5;
91.2;5.72;16:49:48:547;0;5;
91.4;5.70;16:49:48:747;0;5;
91.6;5.67;16:49:48:947;0;5;
91.8;5.62;16:49:49:147;0;5;
92.0;5.62;16:49:49:347;0;5;
92.2;5.60;16:49:49:547;0;5;
92.4;5.57;16:49:49:747;0;5;
92.6;5.54;16:49:49:947;0;5;
92.8;5.52;16:49:50:147;0;5;
93.0;5.50;16:49:50:347;0;5;
93.2;5.50;16:49:50:547;0;5;
93.4;5.49;16:49:50:747;0;4;
93.6;5.49;16:49:50:947;0;4;
93.8;5.47;16:49:51:147;0;4;
94.0;5.46;16:49:51:347;0;4;
94.2;5.47;16:49:51:547;0;4;
94.4;5.47;16:49:51:747;0;4;
94.6;5.46;16:49:51:947;0;4;
94.8;5.46;16:49:52:147;0;4;
95.0;5.46;16:49:52:347;0;4;
95.2;5.44;16:49:52:547;0;4;
95.4;5.44;16:49:52:747;0;4;
95.6;5.44;16:49:52:947;0;4;
95.8;5.44;16:49:53:147;0;4;
96.0;5.42;16:49:53:347;0;4;
96.2;5.40;16:49:53:547;0;4;
96.4;5.40;16:49:53:747;0;4;
96.6;5.40;16:49:53:947;0;4;
96.8;5.39;16:49:54:147;0;3;
97.0;5.38;16:49:54:347;0;3;
97.2;5.38;16:49:54:547;0;3;
97.4;5.37;16:49:54:747;0;3;
97.6;5.35;16:49:54:947;0;3;
97.8;5.35;16:49:55:147;0;3;
98.0;5.33;16:49:55:347;0;3;
98.2;5.33;16:49:55:547;0;3;
98.4;5.36;16:49:55:747;0;3;
98.6;5.37;16:49:55:947;0;3;
98.8;5.43;16:49:56:147;0;3;
99.0;5.47;16:49:56:347;0;3;
99.2;5.59;16:49:56:547;0;3;
99.4;5.79;16:49:56:747;0;3;
99.6;5.95;16:49:56:947;0;3;
99.8;6.07;16:49:57:147;0;3;
100.0;6.13;16:49:57:347;0;3;
100.2;6.16;16:49:57:547;0;3;
100.4;6.18;16:49:57:747;0;3;
100.6;6.19;16:49:57:947;0;3;
100.8;6.19;16:49:58:147;0;3;
101.0;6.19;16:49:58:347;0;3;
101.2;6.16;16:49:58:547;0;3;
101.4;6.12;16:49:58:747;0;3;
101.6;6.12;16:49:58:947;0;3;
101.8;6.12;16:49:59:147;0;3;
102.0;6.14;16:49:59:347;0;3;
102.2;6.18;16:49:59:547;0;3;
102.4;6.23;16:49:59:747;0;3;
102.6;6.23;16:49:59:947;0;3;
102.8;6.30;16:50:00:147;0;3;
103.0;6.30;16:50:00:347;0;3;
103.2;6.31;16:50:00:547;0;3;
103.4;6.32;16:50:00:747;1;3;
103.6;6.33;16:50:00:947;1;3;
103.8;6.33;16:50:01:147;1;3;
104.0;6.32;16:50:01:347;1;3;
104.2;6.33;16:50:01:547;1;3;
104.4;6.32;16:50:01:747;1;3;
104.6;6.30;16:50:01:947;1;4;
104.8;6.26;16:50:02:147;1;4;
105.0;6.26;16:50:02:347;1;4;
105.2;6.25;16:50:02:547;1;4;
105.4;6.29;16:50:02:747;1;4;
105.6;6.43;16:50:02:947;1;4;
105.8;6.55;16:50:03:147;1;4;
106.0;6.73;16:50:03:347;1;4;
106.2;6.73;16:50:03:547;1;4;
106.4;6.81;16:50:03:747;1;4;
106.6;6.85;16:50:03:947;1;4;
106.8;6.86;16:50:04:147;1;3;
107.0;6.85;16:50:04:347;1;3;
107.2;6.83;16:50:04:547;1;3;
107.4;6.83;16:50:04:747;1;4;
107.6;6.83;16:50:04:947;1;4;
107.8;6.85;16:50:05:147;1;4;
108.0;6.91;16:50:05:347;1;4;
108.2;7.00;16:50:05:547;1;4;
108.4;7.00;16:50:05:747;1;4;
108.6;7.05;16:50:05:947;1;4;
108.8;7.09;16:50:06:147;1;4;
109.0;7.11;16:50:06:347;1;4;
109.2;7.09;16:50:06:547;1;4;
109.4;7.05;16:50:06:747;1;4;
109.6;7.05;16:50:06:947;1;4;
109.8;7.02;16:50:07:147;1;4;
110.0;6.95;16:50:07:347;1;4;
110.2;6.90;16:50:07:547;1;4;
110.4;6.86;16:50:07:747;1;5;
110.6;6.82;16:50:07:947;1;5;
110.8;6.82;16:50:08:147;1;5;
111.0;6.81;16:50:08:347;1;5;
111.2;6.78;16:50:08:547;1;5;
111.4;6.75;16:50:08:747;1;5;
111.6;6.68;16:50:08:947;1;5;
111.8;6.69;16:50:09:147;1;5;
112.0;6.69;16:50:09:347;1;5;
112.2;6.67;16:50:09:547;1;5;
112.4;6.64;16:50:09:747;1;5;
112.6;6.61;16:50:09:947;1;6;
112.8;6.59;16:50:10:147;1;6;
113.0;6.58;16:50:10:347;1;6;
113.2;6.58;16:50:10:547;1;6;
113.4;6.57;16:50:10:747;1;6;
113.6;6.55;16:50:10:947;1;6;
113.8;6.54;16:50:11:147;1;6;
114.0;6.52;16:50:11:347;1;6;
114.2;6.50;16:50:11:547;1;6;
114.4;6.50;16:50:11:747;1;6;
114.6;6.51;16:50:11:947;1;6;
114.8;6.52;16:50:12:147;1;6;
115.0;6.62;16:50:12:347;1;6;
115.2;6.69;16:50:12:547;1;6;
115.4;6.77;16:50:12:747;1;5;
115.6;6.77;16:50:12:947;1;5;
115.8;6.86;16:50:13:147;1;5;
116.0;6.89;16:50:13:347;1;5;
116.2;6.91;16:50:13:547;1;5;
116.4;6.91;16:50:13:747;1;5;
116.6;6.91;16:50:13:947;1;5;
116.8;6.88;16:50:14:147;1;5;
117.0;6.84;16:50:14:347;1;5;
117.2;6.79;16:50:14:547;1;5;
117.4;6.67;16:50:14:747;1;5;
117.6;6.62;16:50:14:947;1;5;
117.8;6.62;16:50:15:147;1;5;
118.0;6.55;16:50:15:347;0;5;
118.2;6.52;16:50:15:547;0;5;
118.4;6.51;16:50:15:747;0;5;
118.6;6.47;16:50:15:947;0;5;
118.8;6.46;16:50:16:147;0;4;
119.0;6.46;16:50:16:347;0;4;
119.2;6.44;16:50:16:547;0;4;
119.4;6.44;16:50:16:747;0;4;
119.6;6.40;16:50:16:947;0;4;
119.8;6.39;16:50:17:147;0;4;
120.0;6.41;16:50:17:347;0;4;
120.2;6.41;16:50:17:547;0;4;
120.4;6.44;16:50:17:747;0;4;
120.6;6.47;16:50:17:947;0;4;
120.8;6.49;16:50:18:147;0;4;
121.0;6.50;16:50:18:347;0;4;
121.2;6.51;16:50:18:547;0;4;
121.4;6.51;16:50:18:747;0;4;
121.6;6.52;16:50:18:947;0;4;
121.8;6.57;16:50:19:147;0;4;
122.0;6.63;16:50:19:347;0;4;
122.2;6.67;16:50:19:547;0;4;
122.4;6.69;16:50:19:747;0;4;
122.6;6.69;16:50:19:947;0;4;
122.8;6.69;16:50:20:147;0;4;
123.0;6.68;16:50:20:347;0;4;
123.2;6.65;16:50:20:547;0;4;
123.4;6.62;16:50:20:747;0;4;
123.6;6.60;16:50:20:947;0;4;
123.8;6.59;16:50:21:147;0;4;
124.0;6.57;16:50:21:347;0;4;
124.2;6.54;16:50:21:547;0;4;
124.4;6.50;16:50:21:747;0;4;
124.6;6.47;16:50:21:947;1;4;
124.8;6.46;16:50:22:147;1;4;
125.0;6.45;16:50:22:347;1;4;
125.2;6.42;16:50:22:547;1;4;
125.4;6.41;16:50:22:747;1;4;
125.6;6.43;16:50:22:947;1;4;
125.8;6.48;16:50:23:147;1;4;
126.0;6.52;16:50:23:347;1;4;
126.2;6.58;16:50:23:547;1;4;
126.4;6.73;16:50:23:747;1;4;
126.6;6.85;16:50:23:947;1;5;
126.8;6.92;16:50:24:147;1;5;
127.0;6.96;16:50:24:347;1;5;
127.2;6.96;16:50:24:547;1;5;
127.4;6.96;16:50:24:747;1;5;
127.6;6.92;16:50:24:947;1;5;
127.8;6.88;16:50:25:147;1;5;
128.0;6.83;16:50:25:347;0;5;
128.2;6.79;16:50:25:547;0;5;
128.4;6.77;16:50:25:747;0;5;
128.6;6.73;16:50:25:947;0;5;
128.8;6.70;16:50:26:147;0;5;
129.0;6.66;16:50:26:347;0;5;
129.2;6.64;16:50:26:547;0;5;
129.4;6.64;16:50:26:747;0;5;
129.6;6.64;16:50:26:947;0;5;
129.8;6.66;16:50:27:147;0;5;
130.0;6.66;16:50:27:347;0;5;
130.2;6.67;16:50:27:547;0;5;
130.4;6.67;16:50:27:747;0;5;
130.6;6.67;16:50:27:947;0;5;
130.8;6.66;16:50:28:147;0;5;
131.0;6.64;16:50:28:347;0;5;
131.2;6.64;16:50:28:547;0;5;
131.4;6.63;16:50:28:747;0;5;
131.6;6.62;16:50:28:947;0;5;
131.8;6.61;16:50:29:147;0;5;
132.0;6.61;16:50:29:347;0;5;
132.2;6.59;16:50:29:547;0;5;
132.4;6.58;16:50:29:747;0;5;
132.6;6.56;16:50:29:947;0;5;
132.8;6.55;16:50:30:147;0;5;
133.0;6.55;16:50:30:347;0;5;
133.2;6.54;16:50:30:547;0;5;
133.4;6.53;16:50:30:747;0;5;
133.6;6.51;16:50:30:947;0;5;
133.8;6.50;16:50:31:147;0;5;
134.0;6.50;16:50:31:347;0;5;
134.2;6.50;16:50:31:547;0;5;
134.4;6.50;16:50:31:747;0;5;
134.6;6.49;16:50:31:947;0;5;
134.8;6.49;16:50:32:147;0;5;
135.0;6.49;16:50:32:347;0;5;
135.2;6.48;16:50:32:547;0;5;
135.4;6.48;16:50:32:747;0;5;
135.6;6.46;16:50:32:947;0;5;
135.8;6.45;16:50:33:147;0;5;
136.0;6.44;16:50:33:347;0;5;
136.2;6.42;16:50:33:547;0;5;
136.4;6.41;16:50:33:747;0;5;
136.6;6.41;16:50:33:947;0;5;
136.8;6.40;16:50:34:147;0;5;
137.0;6.38;16:50:34:347;0;5;
137.2;6.36;16:50:34:547;0;5;
137.4;6.35;16:50:34:747;0;5;
137.6;6.33;16:50:34:947;0;5;
137.8;6.33;16:50:35:147;0;5;
138.0;6.31;16:50:35:347;0;5;
138.2;6.30;16:50:35:547;0;5;
138.4;6.29;16:50:35:747;0;5;
138.6;6.27;16:50:35:947;0;5;
138.8;6.26;16:50:36:147;0;5;
139.0;6.26;16:50:36:347;0;5;
139.2;6.25;16:50:36:547;0;5;
139.4;6.23;16:50:36:747;0;5;
139.6;6.21;16:50:36:947;0;5;
139.8;6.21;16:50:37:147;0;5;
140.0;6.21;16:50:37:347;0;5;
140.2;6.21;16:50:37:547;0;5;
140.4;6.21;16:50:37:747;0;5;
140.6;6.22;16:50:37:947;0;5;
140.8;6.23;16:50:38:147;0;5;
141.0;6.23;16:50:38:347;0;5;
141.2;6.23;16:50:38:547;0;5;
141.4;6.22;16:50:38:747;0;5;
141.6;6.21;16:50:38:947;0;5;
141.8;6.20;16:50:39:147;0;5;
142.0;6.20;16:50:39:347;0;5;
142.2;6.17;16:50:39:547;0;5;
142.4;6.17;16:50:39:747;0;5;
142.6;6.15;16:50:39:947;0;5;
142.8;6.15;16:50:40:147;0;5;
143.0;6.13;16:50:40:347;0;5;
143.2;6.12;16:50:40:547;0;5;
143.4;6.10;16:50:40:747;0;5;
143.6;6.10;16:50:40:947;0;5;
143.8;6.09;16:50:41:147;0;5;
144.0;6.07;16:50:41:347;0;5;
144.2;6.05;16:50:41:547;0;5;
144.4;6.05;16:50:41:747;0;5;
144.6;6.03;16:50:41:947;0;5;
144.8;6.03;16:50:42:147;0;5;
145.0;6.02;16:50:42:347;0;5;
145.2;6.02;16:50:42:547;0;5;
145.4;6.02;16:50:42:747;0;5;
145.6;6.00;16:50:42:947;0;5;
145.8;6.00;16:50:43:147;0;5;
146.0;6.01;16:50:43:347;0;5;
146.2;6.02;16:50:43:547;0;5;
146.4;6.02;16:50:43:747;0;5;
146.6;6.01;16:50:43:947;0;5;
146.8;5.98;16:50:44:147;0;5;
147.0;5.98;16:50:44:347;0;5;
147.2;5.97;16:50:44:547;0;5;
147.4;5.96;16:50:44:747;0;5;
147.6;5.96;16:50:44:947;0;5;
147.8;5.96;16:50:45:147;0;5;
148.0;5.96;16:50:45:347;0;5;
148.2;5.96;16:50:45:547;0;5;
148.4;5.94;16:50:45:747;0;5;
148.6;5.93;16:50:45:947;0;5;
148.8;5.93;16:50:46:147;0;5;
149.0;5.92;16:50:46:347;0;5;
149.2;5.91;16:50:46:547;0;5;
149.4;5.91;16:50:46:747;0;5;
149.6;5.89;16:50:46:947;0;5;
149.8;5.89;16:50:47:147;0;5;
150.0;5.89;16:50:47:347;0;5;
150.2;5.88;16:50:47:547;0;5;
150.4;5.88;16:50:47:747;0;5;
150.6;5.87;16:50:47:947;0;5;
150.8;5.85;16:50:48:147;0;5;
151.0;5.85;16:50:48:347;0;5;
151.2;5.84;16:50:48:547;0;5;
151.4;5.84;16:50:48:747;0;5;
151.6;5.84;16:50:48:947;0;5;
151.8;5.83;16:50:49:147;0;5;
152.0;5.81;16:50:49:347;0;5;
152.2;5.80;16:50:49:547;0;5;
152.4;5.79;16:50:49:747;0;5;
152.6;5.77;16:50:49:947;0;5;
152.8;5.77;16:50:50:147;0;5;
153.0;5.77;16:50:50:347;0;5;
153.2;5.77;16:50:50:547;0;5;
153.4;5.76;16:50:50:747;0;5;
153.6;5.76;16:50:50:947;0;5;
153.8;5.77;16:50:51:147;0;5;
154.0;5.77;16:50:51:347;0;5;
154.2;5.79;16:50:51:547;0;5;
154.4;5.80;16:50:51:747;0;5;
154.6;5.83;16:50:51:947;0;5;
154.8;5.83;16:50:52:147;0;5;
155.0;5.84;16:50:52:347;0;5;
155.2;5.84;16:50:52:547;0;5;
155.4;5.83;16:50:52:747;0;5;
155.6;5.83;16:50:52:947;0;5;
155.8;5.85;16:50:53:147;0;5;
156.0;5.86;16:50:53:347;0;5;
156.2;5.85;16:50:53:547;0;5;
156.4;5.84;16:50:53:747;0;5;
156.6;5.84;16:50:53:947;0;5;
156.8;5.84;16:50:54:147;0;5;
157.0;5.83;16:50:54:347;0;5;
157.2;5.81;16:50:54:547;0;5;
157.4;5.81;16:50:54:747;0;5;
157.6;5.80;16:50:54:947;0;5;
157.8;5.80;16:50:55:147;0;5;
158.0;5.80;16:50:55:347;0;5;
158.2;5.77;16:50:55:547;0;5;
158.4;5.76;16:50:55:747;0;5;
158.6;5.74;16:50:55:947;0;5;
158.8;5.74;16:50:56:147;0;5;
159.0;5.73;16:50:56:347;0;5;
159.2;5.71;16:50:56:547;0;5;
159.4;5.70;16:50:56:747;0;5;
159.6;5.69;16:50:56:947;0;5;
159.8;5.67;16:50:57:147;0;5;
160.0;5.67;16:50:57:347;0;5;
160.2;5.66;16:50:57:547;0;5;
160.4;5.65;16:50:57:747;0;5;
160.6;5.65;16:50:57:947;0;5;
160.8;5.63;16:50:58:147;0;5;
161.0;5.61;16:50:58:347;0;5;
161.2;5.61;16:50:58:547;0;5;
161.4;5.61;16:50:58:747;0;5;
161.6;5.61;16:50:58:947;0;5;
161.8;5.60;16:50:59:147;0;5;
162.0;5.59;16:50:59:347;0;5;
162.2;5.59;16:50:59:547;0;5;
162.4;5.59;16:50:59:747;0;5;
162.6;5.60;16:50:59:947;0;5;
162.8;5.57;16:51:00:147;0;5;
163.0;5.56;16:51:00:347;0;5;
163.2;5.56;16:51:00:547;0;5;
163.4;5.56;16:51:00:747;0;5;
163.6;5.54;16:51:00:947;0;5;
163.8;5.52;16:51:01:147;0;5;
164.0;5.52;16:51:01:347;0;5;
164.2;5.52;16:51:01:547;0;5;
164.4;5.50;16:51:01:747;0;5;
164.6;5.50;16:51:01:947;0;5;
164.8;5.49;16:51:02:147;0;4;
165.0;5.48;16:51:02:347;0;4;
165.2;5.48;16:51:02:547;0;4;
165.4;5.46;16:51:02:747;0;4;
165.6;5.45;16:51:02:947;0;4;
165.8;5.45;16:51:03:147;0;4;
166.0;5.45;16:51:03:347;0;4;
166.2;5.43;16:51:03:547;0;4;
166.4;5.42;16:51:03:747;0;4;
166.6;5.41;16:51:03:947;0;4;
166.8;5.41;16:51:04:147;0;4;
167.0;5.41;16:51:04:347;0;4;
167.2;5.44;16:51:04:547;0;4;
167.4;5.49;16:51:04:747;0;4;
167.6;5.54;16:51:04:947;0;3;
167.8;5.65;16:51:05:147;0;3;
168.0;5.65;16:51:05:347;0;3;
168.2;5.70;16:51:05:547;0;3;
168.4;5.75;16:51:05:747;0;3;
168.6;5.78;16:51:05:947;0;3;
168.8;5.79;16:51:06:147;0;3;
169.0;5.79;16:51:06:347;0;3;
169.2;5.79;16:51:06:547;0;3;
169.4;5.80;16:51:06:747;0;3;
169.6;5.80;16:51:06:947;0;3;
169.8;5.78;16:51:07:147;0;3;
170.0;5.77;16:51:07:347;0;3;
170.2;5.77;16:51:07:547;0;3;
170.4;5.77;16:51:07:747;0;3;
170.6;5.74;16:51:07:947;0;2;
170.8;5.72;16:51:08:147;0;2;
171.0;5.71;16:51:08:347;0;2;
171.2;5.69;16:51:08:547;0;2;
171.4;5.67;16:51:08:747;0;2;
171.6;5.67;16:51:08:947;0;2;
171.8;5.67;16:51:09:147;0;2;
172.0;5.67;16:51:09:347;0;2;
172.2;5.66;16:51:09:547;0;2;
172.4;5.66;16:51:09:747;0;2;
172.6;5.65;16:51:09:947;0;2;
172.8;5.65;16:51:10:147;0;1;
173.0;5.67;16:51:10:347;0;1;
173.2;5.67;16:51:10:547;0;1;
173.4;5.74;16:51:10:747;0;1;
173.6;5.84;16:51:10:947;0;1;
173.8;6.01;16:51:11:147;0;1;
174.0;6.01;16:51:11:347;0;1;
174.2;6.09;16:51:11:547;0;1;
174.4;6.16;16:51:11:747;0;1;
174.6;6.23;16:51:11:947;0;1;
174.8;6.25;16:51:12:147;0;1;
175.0;6.25;16:51:12:347;0;1;
175.2;6.23;16:51:12:547;0;1;
175.4;6.21;16:51:12:747;0;1;
175.6;6.18;16:51:12:947;0;1;
175.8;6.14;16:51:13:147;0;1;
176.0;6.10;16:51:13:347;0;1;
176.2;6.10;16:51:13:547;0;1;
176.4;6.07;16:51:13:747;0;1;
176.6;6.06;16:51:13:947;0;1;
176.8;6.04;16:51:14:147;0;1;
177.0;6.03;16:51:14:347;0;1;
177.2;6.02;16:51:14:547;0;1;
177.4;6.02;16:51:14:747;0;1;
177.6;6.02;16:51:14:947;0;1;
177.8;6.07;16:51:15:147;0;1;
178.0;6.14;16:51:15:347;0;1;
178.2;6.20;16:51:15:547;0;1;
178.4;6.20;16:51:15:747;0;1;
178.6;6.30;16:51:15:947;0;1;
178.8;6.35;16:51:16:147;0;1;
179.0;6.38;16:51:16:347;0;1;
179.2;6.38;16:51:16:547;0;1;
179.4;6.38;16:51:16:747;0;1;
179.6;6.38;16:51:16:947;0;1;
179.8;6.38;16:51:17:147;0;1;
180.0;6.36;16:51:17:347;0;1;
180.2;6.32;16:51:17:547;0;1;
180.4;6.30;16:51:17:747;0;1;
180.6;6.27;16:51:17:947;0;1;
180.8;6.27;16:51:18:147;0;1;
181.0;6.26;16:51:18:347;0;1;
181.2;6.24;16:51:18:547;0;1;
181.4;6.23;16:51:18:747;0;1;
181.6;6.21;16:51:18:947;0;1;
181.8;6.20;16:51:19:147;0;1;
182.0;6.20;16:51:19:347;0;1;
182.2;6.20;16:51:19:547;0;1;
182.4;6.19;16:51:19:747;0;1;
182.6;6.18;16:51:19:947;0;1;
182.8;6.21;16:51:20:147;0;1;
183.0;6.21;16:51:20:347;0;1;
183.2;6.21;16:51:20:547;0;1;
183.4;6.21;16:51:20:747;0;1;
183.6;6.21;16:51:20:947;0;1;
183.8;6.20;16:51:21:147;0;1;
184.0;6.20;16:51:21:347;0;1;
184.2;6.22;16:51:21:547;0;1;
184.4;6.22;16:51:21:747;0;1;
184.6;6.31;16:51:21:947;0;1;
184.8;6.41;16:51:22:147;0;1;
185.0;6.51;16:51:22:347;0;1;
185.2;6.64;16:51:22:547;0;1;
185.4;6.64;16:51:22:747;0;1;
185.6;6.70;16:51:22:947;0;1;
185.8;6.72;16:51:23:147;0;1;
186.0;6.70;16:51:23:347;0;1;
186.2;6.67;16:51:23:547;0;1;
186.4;6.64;16:51:23:747;0;1;
186.6;6.64;16:51:23:947;0;1;
186.8;6.61;16:51:24:147;0;0;
187.0;6.55;16:51:24:347;0;0;
187.2;6.51;16:51:24:547;0;0;
187.4;6.47;16:51:24:747;0;0;
187.6;6.43;16:51:24:947;0;0;
187.8;6.43;16:51:25:147;0;0;
188.0;6.39;16:51:25:347;0;0;
188.2;6.36;16:51:25:547;0;0;
188.4;6.35;16:51:25:747;0;0;
188.6;6.31;16:51:25:947;0;0;
188.8;6.30;16:51:26:147;0;0;
189.0;6.30;16:51:26:347;0;0;
189.2;6.31;16:51:26:547;0;0;
189.4;6.34;16:51:26:747;0;0;
189.6;6.40;16:51:26:947;0;0;
189.8;6.45;16:51:27:147;0;0;
190.0;6.49;16:51:27:347;0;0;
190.2;6.49;16:51:27:547;0;0;
190.4;6.51;16:51:27:747;0;0;
190.6;6.51;16:51:27:947;0;0;
190.8;6.50;16:51:28:147;0;0;
191.0;6.49;16:51:28:347;0;0;
191.2;6.49;16:51:28:547;0;0;
191.4;6.45;16:51:28:747;0;0;
191.6;6.42;16:51:28:947;0;0;
191.8;6.40;16:51:29:147;0;0;
192.0;6.37;16:51:29:347;0;0;
192.2;6.33;16:51:29:547;0;0;
192.4;6.33;16:51:29:747;0;0;
192.6;6.31;16:51:29:947;0;0;
192.8;6.29;16:51:30:147;0;0;
193.0;6.27;16:51:30:347;0;0;
193.2;6.26;16:51:30:547;0;0;
193.4;6.26;16:51:30:747;0;0;
193.6;6.27;16:51:30:947;1;0;
193.8;6.28;16:51:31:147;1;0;
194.0;6.29;16:51:31:347;1;0;
194.2;6.30;16:51:31:547;1;0;
194.4;6.30;16:51:31:747;1;0;
194.6;6.29;16:51:31:947;1;1;
194.8;6.29;16:51:32:147;1;1;
195.0;6.29;16:51:32:347;1;1;
195.2;6.28;16:51:32:547;1;1;
195.4;6.26;16:51:32:747;1;1;
195.6;6.25;16:51:32:947;1;1;
195.8;6.23;16:51:33:147;1;1;
196.0;6.21;16:51:33:347;0;1;
196.2;6.21;16:51:33:547;0;1;
196.4;6.19;16:51:33:747;0;1;
196.6;6.17;16:51:33:947;0;1;
196.8;6.15;16:51:34:147;0;1;
197.0;6.14;16:51:34:347;0;1;
197.2;6.14;16:51:34:547;0;1;
197.4;6.13;16:51:34:747;0;1;
197.6;6.12;16:51:34:947;0;1;
197.8;6.11;16:51:35:147;0;1;
198.0;6.12;16:51:35:347;0;1;
198.2;6.12;16:51:35:547;0;1;
198.4;6.11;16:51:35:747;0;1;
198.6;6.11;16:51:35:947;0;1;
198.8;6.10;16:51:36:147;0;1;
199.0;6.10;16:51:36:347;0;1;
199.2;6.09;16:51:36:547;0;1;
199.4;6.09;16:51:36:747;0;1;
199.6;6.09;16:51:36:947;0;1;
199.8;6.09;16:51:37:147;0;1;
200.0;6.09;16:51:37:347;0;1;
200.2;6.08;16:51:37:547;0;1;
200.4;6.07;16:51:37:747;0;1;
200.6;6.07;16:51:37:947;0;1;
200.8;6.06;16:51:38:147;0;1;
201.0;6.05;16:51:38:347;0;1;
201.2;6.04;16:51:38:547;0;1;
201.4;6.03;16:51:38:747;0;1;
201.6;6.02;16:51:38:947;0;1;
201.8;6.01;16:51:39:147;0;1;
202.0;6.00;16:51:39:347;0;1;
202.2;6.00;16:51:39:547;0;1;
202.4;6.00;16:51:39:747;0;1;
202.6;6.01;16:51:39:947;0;1;
202.8;6.02;16:51:40:147;0;1;
203.0;6.04;16:51:40:347;0;1;
203.2;6.08;16:51:40:547;0;1;
203.4;6.16;16:51:40:747;0;1;
203.6;6.25;16:51:40:947;0;1;
203.8;6.34;16:51:41:147;0;1;
204.0;6.39;16:51:41:347;0;1;
204.2;6.42;16:51:41:547;0;1;
204.4;6.50;16:51:41:747;0;1;
204.6;6.56;16:51:41:947;0;1;
204.8;6.60;16:51:42:147;0;1;
205.0;6.64;16:51:42:347;0;1;
205.2;6.67;16:51:42:547;0;1;
205.4;6.69;16:51:42:747;0;1;
205.6;6.72;16:51:42:947;0;1;
205.8;6.77;16:51:43:147;0;1;
206.0;6.79;16:51:43:347;0;1;
206.2;6.80;16:51:43:547;0;1;
206.4;6.81;16:51:43:747;0;1;
206.6;6.83;16:51:43:947;0;1;
206.8;6.87;16:51:44:147;0;1;
207.0;6.87;16:51:44:347;0;1;
207.2;6.87;16:51:44:547;0;1;
207.4;6.87;16:51:44:747;0;1;
207.6;6.86;16:51:44:947;1;1;
207.8;6.85;16:51:45:147;1;1;
208.0;6.83;16:51:45:347;1;1;
208.2;6.81;16:51:45:547;1;1;
208.4;6.80;16:51:45:747;1;1;
208.6;6.79;16:51:45:947;1;1;
208.8;6.78;16:51:46:147;1;1;
209.0;6.78;16:51:46:347;1;1;
209.2;6.76;16:51:46:547;1;1;
209.4;6.75;16:51:46:747;1;1;
209.6;6.73;16:51:46:947;1;1;
209.8;6.72;16:51:47:147;1;1;
210.0;6.71;16:51:47:347;1;1;
210.2;6.70;16:51:47:547;1;1;
210.4;6.69;16:51:47:747;1;1;
210.6;6.67;16:51:47:947;1;1;
210.8;6.66;16:51:48:147;1;1;
211.0;6.65;16:51:48:347;1;1;
211.2;6.64;16:51:48:547;1;1;
211.4;6.64;16:51:48:747;1;2;
211.6;6.63;16:51:48:947;1;2;
211.8;6.62;16:51:49:147;1;2;
212.0;6.61;16:51:49:347;1;2;
212.2;6.60;16:51:49:547;1;2;
212.4;6.59;16:51:49:747;1;2;
212.6;6.58;16:51:49:947;1;2;
212.8;6.56;16:51:50:147;1;2;
213.0;6.54;16:51:50:347;1;2;
213.2;6.53;16:51:50:547;1;2;
213.4;6.52;16:51:50:747;1;2;
213.6;6.51;16:51:50:947;1;2;
213.8;6.50;16:51:51:147;1;2;
214.0;6.49;16:51:51:347;1;2;
214.2;6.47;16:51:51:547;1;2;
214.4;6.46;16:51:51:747;1;2;
214.6;6.44;16:51:51:947;1;2;
214.8;6.44;16:51:52:147;1;2;
215.0;6.43;16:51:52:347;1;2;
215.2;6.40;16:51:52:547;1;2;
215.4;6.39;16:51:52:747;1;2;
215.6;6.38;16:51:52:947;1;2;
215.8;6.38;16:51:53:147;1;2;
216.0;6.37;16:51:53:347;1;2;
216.2;6.36;16:51:53:547;1;2;
216.4;6.34;16:51:53:747;1;2;
216.6;6.33;16:51:53:947;1;2;
216.8;6.32;16:51:54:147;1;2;
217.0;6.31;16:51:54:347;0;2;
217.2;6.30;16:51:54:547;0;2;
217.4;6.30;16:51:54:747;0;2;
217.6;6.29;16:51:54:947;0;2;
217.8;6.29;16:51:55:147;0;2;
218.0;6.28;16:51:55:347;0;2;
218.2;6.27;16:51:55:547;0;2;
218.4;6.27;16:51:55:747;0;2;
218.6;6.26;16:51:55:947;0;2;
218.8;6.25;16:51:56:147;0;2;
219.0;6.24;16:51:56:347;0;2;
219.2;6.24;16:51:56:547;0;2;
219.4;6.23;16:51:56:747;0;2;
219.6;6.22;16:51:56:947;0;2;
219.8;6.21;16:51:57:147;0;2;
220.0;6.20;16:51:57:347;0;2;
220.2;6.18;16:51:57:547;0;2;
220.4;6.16;16:51:57:747;0;2;
220.6;6.15;16:51:57:947;0;2;
220.8;6.15;16:51:58:147;0;2;
221.0;6.15;16:51:58:347;0;2;
221.2;6.13;16:51:58:547;0;2;
221.4;6.12;16:51:58:747;0;2;
221.6;6.11;16:51:58:947;0;2;
221.8;6.11;16:51:59:147;0;2;
222.0;6.09;16:51:59:347;0;2;
222.2;6.08;16:51:59:547;0;2;
222.4;6.08;16:51:59:747;0;2;
222.6;6.07;16:51:59:947;0;2;
222.8;6.07;16:52:00:147;0;2;
223.0;6.06;16:52:00:347;0;2;
223.2;6.05;16:52:00:547;0;2;
223.4;6.04;16:52:00:747;0;2;
223.6;6.03;16:52:00:947;0;2;
223.8;6.03;16:52:01:147;0;2;
224.0;6.02;16:52:01:347;0;2;
224.2;6.01;16:52:01:547;0;2;
224.4;6.01;16:52:01:747;0;2;
224.6;6.01;16:52:01:947;0;2;
224.8;6.01;16:52:02:147;0;2;
225.0;6.00;16:52:02:347;0;2;
225.2;6.00;16:52:02:547;0;2;
225.4;6.00;16:52:02:747;0;2;
225.6;6.01;16:52:02:947;0;2;
225.8;6.00;16:52:03:147;0;2;
226.0;5.99;16:52:03:347;0;2;
226.2;6.01;16:52:03:547;0;2;
226.4;6.01;16:52:03:747;0;2;
226.6;6.03;16:52:03:947;0;2;
226.8;6.03;16:52:04:147;0;2;
227.0;6.04;16:52:04:347;0;2;
227.2;6.05;16:52:04:547;0;2;
227.4;6.04;16:52:04:747;0;2;
227.6;6.04;16:52:04:947;0;2;
227.8;6.02;16:52:05:147;0;2;
228.0;6.02;16:52:05:347;0;2;
228.2;6.01;16:52:05:547;0;2;
228.4;5.98;16:52:05:747;0;2;
228.6;5.97;16:52:05:947;0;2;
228.8;5.97;16:52:06:147;0;2;
229.0;5.97;16:52:06:347;0;2;
229.2;5.95;16:52:06:547;0;2;
229.4;5.94;16:52:06:747;0;2;
229.6;5.93;16:52:06:947;0;2;
229.8;5.93;16:52:07:147;0;2;
230.0;5.93;16:52:07:347;0;2;
230.2;5.92;16:52:07:547;0;2;
230.4;5.90;16:52:07:747;0;2;
230.6;5.90;16:52:07:947;0;2;
230.8;5.89;16:52:08:147;0;2;
231.0;5.89;16:52:08:347;0;2;
231.2;5.89;16:52:08:547;0;2;
231.4;5.89;16:52:08:747;0;2;
231.6;5.89;16:52:08:947;0;2;
231.8;5.89;16:52:09:147;0;2;
232.0;5.89;16:52:09:347;0;2;
232.2;5.89;16:52:09:547;0;2;
232.4;5.88;16:52:09:747;0;2;
232.6;5.88;16:52:09:947;0;2;
232.8;5.87;16:52:10:147;0;2;
233.0;5.88;16:52:10:347;0;2;
233.2;5.92;16:52:10:547;0;2;
233.4;5.95;16:52:10:747;0;2;
233.6;6.00;16:52:10:947;0;2;
233.8;6.09;16:52:11:147;0;2;
234.0;6.18;16:52:11:347;0;2;
234.2;6.24;16:52:11:547;0;2;
234.4;6.25;16:52:11:747;0;2;
234.6;6.26;16:52:11:947;0;2;
234.8;6.26;16:52:12:147;0;2;
235.0;6.26;16:52:12:347;0;2;
235.2;6.23;16:52:12:547;0;2;
235.4;6.19;16:52:12:747;0;2;
235.6;6.18;16:52:12:947;0;2;
235.8;6.15;16:52:13:147;0;2;
236.0;6.15;16:52:13:347;0;2;
236.2;6.12;16:52:13:547;0;2;
236.4;6.08;16:52:13:747;0;2;
236.6;6.07;16:52:13:947;0;2;
236.8;6.04;16:52:14:147;0;2;
237.0;6.01;16:52:14:347;0;2;
237.2;6.01;16:52:14:547;0;2;
237.4;6.00;16:52:14:747;0;2;
237.6;5.98;16:52:14:947;0;2;
237.8;5.96;16:52:15:147;0;2;
238.0;5.95;16:52:15:347;1;2;
238.2;5.95;16:52:15:547;1;2;
238.4;5.95;16:52:15:747;1;2;
238.6;5.92;16:52:15:947;1;2;
238.8;5.91;16:52:16:147;1;3;
239.0;5.91;16:52:16:347;1;3;
239.2;5.90;16:52:16:547;1;3;
239.4;5.90;16:52:16:747;1;3;
239.6;5.89;16:52:16:947;1;3;
239.8;5.88;16:52:17:147;1;3;
240.0;5.88;16:52:17:347;0;3;
240.2;5.86;16:52:17:547;0;3;
240.4;5.85;16:52:17:747;0;3;
240.6;5.85;16:52:17:947;0;3;
240.8;5.85;16:52:18:147;0;3;
241.0;5.85;16:52:18:347;0;3;
241.2;5.84;16:52:18:547;0;3;
241.4;5.86;16:52:18:747;0;3;
241.6;5.91;16:52:18:947;0;3;
241.8;5.91;16:52:19:147;0;3;
242.0;5.99;16:52:19:347;0;3;
242.2;6.04;16:52:19:547;0;3;
242.4;6.09;16:52:19:747;0;3;
242.6;6.14;16:52:19:947;0;3;
242.8;6.14;16:52:20:147;0;3;
243.0;6.14;16:52:20:347;0;3;
243.2;6.13;16:52:20:547;0;3;
243.4;6.12;16:52:20:747;0;3;
243.6;6.08;16:52:20:947;0;3;
243.8;6.06;16:52:21:147;0;3;
244.0;6.06;16:52:21:347;0;3;
244.2;6.04;16:52:21:547;0;3;
244.4;6.01;16:52:21:747;0;3;
244.6;5.99;16:52:21:947;0;3;
244.8;5.99;16:52:22:147;0;3;
245.0;6.01;16:52:22:347;0;3;
245.2;6.01;16:52:22:547;0;3;
245.4;6.04;16:52:22:747;0;3;
245.6;6.10;16:52:22:947;0;3;
245.8;6.16;16:52:23:147;0;3;
246.0;6.24;16:52:23:347;0;3;
246.2;6.27;16:52:23:547;0;3;
246.4;6.27;16:52:23:747;0;3;
246.6;6.33;16:52:23:947;0;3;
246.8;6.33;16:52:24:147;0;3;
247.0;6.31;16:52:24:347;0;3;
247.2;6.30;16:52:24:547;0;3;
247.4;6.29;16:52:24:747;0;3;
247.6;6.29;16:52:24:947;0;3;
247.8;6.25;16:52:25:147;0;3;
248.0;6.22;16:52:25:347;0;3;
248.2;6.20;16:52:25:547;0;3;
248.4;6.19;16:52:25:747;0;3;
248.6;6.16;16:52:25:947;0;3;
248.8;6.16;16:52:26:147;0;3;
249.0;6.14;16:52:26:347;0;3;
249.2;6.13;16:52:26:547;0;3;
249.4;6.10;16:52:26:747;0;3;
249.6;6.08;16:52:26:947;1;3;
249.8;6.07;16:52:27:147;1;3;
250.0;6.07;16:52:27:347;1;3;
250.2;6.06;16:52:27:547;1;3;
250.4;6.04;16:52:27:747;1;3;
250.6;6.03;16:52:27:947;1;4;
250.8;6.03;16:52:28:147;1;4;
251.0;6.03;16:52:28:347;1;4;
251.2;6.00;16:52:28:547;1;4;
251.4;5.99;16:52:28:747;1;4;
251.6;5.98;16:52:28:947;1;4;
251.8;5.98;16:52:29:147;1;4;
252.0;5.95;16:52:29:347;0;4;
252.2;5.95;16:52:29:547;0;4;
252.4;5.95;16:52:29:747;0;4;
252.6;5.94;16:52:29:947;0;4;
252.8;5.92;16:52:30:147;0;4;
253.0;5.92;16:52:30:347;0;4;
253.2;5.91;16:52:30:547;0;4;
253.4;5.91;16:52:30:747;0;4;
253.6;5.91;16:52:30:947;0;4;
253.8;5.89;16:52:31:147;0;4;
254.0;5.89;16:52:31:347;0;4;
254.2;5.89;16:52:31:547;0;4;
254.4;5.87;16:52:31:747;0;4;
254.6;5.87;16:52:31:947;0;4;
254.8;5.87;16:52:32:147;0;3;
255.0;5.87;16:52:32:347;0;3;
255.2;5.86;16:52:32:547;0;3;
255.4;5.85;16:52:32:747;0;3;
255.6;5.85;16:52:32:947;0;3;
255.8;5.85;16:52:33:147;0;3;
256.0;5.85;16:52:33:347;0;3;
256.2;5.83;16:52:33:547;0;3;
256.4;5.83;16:52:33:747;0;3;
256.6;5.83;16:52:33:947;0;3;
256.8;5.82;16:52:34:147;0;3;
257.0;5.81;16:52:34:347;0;3;
257.2;5.80;16:52:34:547;0;3;
257.4;5.79;16:52:34:747;0;3;
257.6;5.79;16:52:34:947;0;3;
257.8;5.78;16:52:35:147;0;3;
258.0;5.77;16:52:35:347;0;3;
258.2;5.77;16:52:35:547;0;3;
258.4;5.76;16:52:35:747;0;3;
258.6;5.75;16:52:35:947;0;3;
258.8;5.75;16:52:36:147;0;3;
259.0;5.74;16:52:36:347;0;3;
259.2;5.73;16:52:36:547;0;3;
259.4;5.73;16:52:36:747;0;3;
259.6;5.74;16:52:36:947;0;3;
259.8;5.73;16:52:37:147;0;3;
260.0;5.72;16:52:37:347;0;3;
260.2;5.72;16:52:37:547;0;3;
260.4;5.72;16:52:37:747;0;3;
260.6;5.72;16:52:37:947;0;3;
260.8;5.73;16:52:38:147;0;3;
261.0;5.77;16:52:38:347;0;3;
261.2;5.85;16:52:38:547;0;3;
261.4;5.89;16:52:38:747;0;3;
261.6;5.89;16:52:38:947;0;3;
261.8;5.93;16:52:39:147;0;3;
262.0;5.98;16:52:39:347;0;3;
262.2;6.02;16:52:39:547;0;3;
262.4;6.04;16:52:39:747;0;3;
262.6;6.06;16:52:39:947;0;3;
262.8;6.06;16:52:40:147;0;3;
263.0;6.11;16:52:40:347;0;3;
263.2;6.14;16:52:40:547;0;3;
263.4;6.15;16:52:40:747;0;3;
263.6;6.16;16:52:40:947;0;3;
263.8;6.17;16:52:41:147;0;3;
264.0;6.17;16:52:41:347;0;3;
264.2;6.15;16:52:41:547;0;3;
264.4;6.13;16:52:41:747;0;3;
264.6;6.09;16:52:41:947;0;3;
264.8;6.08;16:52:42:147;0;3;
265.0;6.05;16:52:42:347;0;3;
265.2;6.05;16:52:42:547;0;3;
265.4;6.03;16:52:42:747;0;3;
265.6;6.03;16:52:42:947;0;3;
265.8;6.01;16:52:43:147;0;3;
266.0;6.02;16:52:43:347;1;3;
266.2;6.05;16:52:43:547;1;3;
266.4;6.05;16:52:43:747;1;3;
266.6;6.08;16:52:43:947;1;3;
266.8;6.08;16:52:44:147;1;3;
267.0;6.07;16:52:44:347;1;3;
267.2;6.07;16:52:44:547;1;3;
267.4;6.07;16:52:44:747;1;3;
267.6;6.06;16:52:44:947;1;3;
267.8;6.04;16:52:45:147;1;4;
268.0;6.02;16:52:45:347;1;4;
268.2;6.01;16:52:45:547;1;4;
268.4;6.00;16:52:45:747;1;4;
268.6;6.00;16:52:45:947;1;4;
268.8;5.97;16:52:46:147;1;4;
269.0;5.96;16:52:46:347;1;4;
269.2;5.95;16:52:46:547;1;4;
269.4;5.92;16:52:46:747;1;4;
269.6;5.90;16:52:46:947;1;4;
269.8;5.90;16:52:47:147;1;4;
270.0;5.90;16:52:47:347;1;4;
270.2;5.89;16:52:47:547;1;4;
270.4;5.87;16:52:47:747;1;4;
270.6;5.86;16:52:47:947;1;4;
270.8;5.86;16:52:48:147;1;4;
271.0;5.86;16:52:48:347;1;4;
271.2;5.85;16:52:48:547;1;4;
271.4;5.83;16:52:48:747;1;3;
271.6;5.82;16:52:48:947;1;3;
271.8;5.82;16:52:49:147;1;3;
272.0;5.81;16:52:49:347;0;3;
272.2;5.80;16:52:49:547;0;3;
272.4;5.81;16:52:49:747;0;3;
272.6;5.80;16:52:49:947;0;3;
272.8;5.80;16:52:50:147;0;3;
273.0;5.80;16:52:50:347;0;3;
273.2;5.78;16:52:50:547;0;3;
273.4;5.78;16:52:50:747;0;3;
273.6;5.78;16:52:50:947;0;3;
273.8;5.78;16:52:51:147;0;3;
274.0;5.77;16:52:51:347;0;3;
274.2;5.75;16:52:51:547;0;3;
274.4;5.75;16:52:51:747;0;3;
274.6;5.75;16:52:51:947;0;3;
274.8;5.75;16:52:52:147;0;3;
275.0;5.73;16:52:52:347;0;3;
275.2;5.72;16:52:52:547;0;3;
275.4;5.72;16:52:52:747;0;3;
275.6;5.71;16:52:52:947;0;3;
275.8;5.70;16:52:53:147;0;3;
276.0;5.70;16:52:53:347;0;3;
276.2;5.71;16:52:53:547;0;3;
276.4;5.71;16:52:53:747;0;3;
276.6;5.71;16:52:53:947;0;3;
276.8;5.70;16:52:54:147;0;3;
277.0;5.70;16:52:54:347;0;3;
277.2;5.70;16:52:54:547;0;3;
277.4;5.69;16:52:54:747;0;3;
277.6;5.68;16:52:54:947;0;3;
277.8;5.67;16:52:55:147;0;3;
278.0;5.66;16:52:55:347;0;3;
278.2;5.65;16:52:55:547;0;3;
278.4;5.64;16:52:55:747;0;3;
278.6;5.64;16:52:55:947;0;3;
278.8;5.64;16:52:56:147;0;3;
279.0;5.63;16:52:56:347;0;3;
279.2;5.63;16:52:56:547;0;3;
279.4;5.63;16:52:56:747;0;3;
279.6;5.65;16:52:56:947;0;3;
279.8;5.66;16:52:57:147;0;3;
280.0;5.65;16:52:57:347;0;3;
280.2;5.65;16:52:57:547;0;3;
280.4;5.65;16:52:57:747;0;3;
280.6;5.65;16:52:57:947;0;3;
280.8;5.64;16:52:58:147;0;3;
281.0;5.63;16:52:58:347;0;3;
281.2;5.63;16:52:58:547;0;3;
281.4;5.62;16:52:58:747;0;3;
281.6;5.61;16:52:58:947;0;3;
281.8;5.61;16:52:59:147;0;3;
282.0;5.59;16:52:59:347;0;3;
282.2;5.59;16:52:59:547;0;3;
282.4;5.58;16:52:59:747;0;3;
282.6;5.57;16:52:59:947;0;3;
282.8;5.57;16:53:00:147;0;3;
283.0;5.57;16:53:00:347;0;3;
283.2;5.56;16:53:00:547;0;3;
283.4;5.54;16:53:00:747;0;3;
283.6;5.54;16:53:00:947;0;3;
283.8;5.54;16:53:01:147;0;3;
284.0;5.54;16:53:01:347;0;3;
284.2;5.53;16:53:01:547;0;3;
284.4;5.52;16:53:01:747;0;3;
284.6;5.52;16:53:01:947;0;3;
284.8;5.51;16:53:02:147;0;3;
285.0;5.51;16:53:02:347;0;3;
285.2;5.50;16:53:02:547;0;3;
285.4;5.50;16:53:02:747;0;3;
285.6;5.50;16:53:02:947;0;3;
285.8;5.50;16:53:03:147;0;3;
286.0;5.49;16:53:03:347;0;3;
286.2;5.48;16:53:03:547;0;3;
286.4;5.48;16:53:03:747;0;3;
286.6;5.48;16:53:03:947;0;3;
286.8;5.47;16:53:04:147;0;3;
287.0;5.46;16:53:04:347;0;3;
287.2;5.45;16:53:04:547;0;3;
287.4;5.45;16:53:04:747;0;3;
287.6;5.45;16:53:04:947;0;3;
287.8;5.44;16:53:05:147;0;3;
288.0;5.44;16:53:05:347;0;3;
288.2;5.45;16:53:05:547;0;3;
288.4;5.44;16:53:05:747;0;3;
288.6;5.43;16:53:05:947;0;3;
288.8;5.43;16:53:06:147;0;3;
289.0;5.43;16:53:06:347;0;3;
289.2;5.43;16:53:06:547;0;3;
289.4;5.43;16:53:06:747;0;3;
289.6;5.42;16:53:06:947;0;3;
289.8;5.41;16:53:07:147;0;3;
290.0;5.41;16:53:07:347;0;3;
290.2;5.41;16:53:07:547;0;3;
290.4;5.40;16:53:07:747;0;3;
290.6;5.39;16:53:07:947;0;3;
290.8;5.41;16:53:08:147;0;3;
291.0;5.41;16:53:08:347;0;3;
291.2;5.41;16:53:08:547;0;3;
291.4;5.42;16:53:08:747;0;3;
291.6;5.45;16:53:08:947;0;3;
291.8;5.48;16:53:09:147;0;3;
292.0;5.51;16:53:09:347;0;3;
292.2;5.54;16:53:09:547;0;3;
292.4;5.55;16:53:09:747;0;3;
292.6;5.57;16:53:09:947;0;3;
292.8;5.60;16:53:10:147;0;3;
293.0;5.61;16:53:10:347;0;3;
293.2;5.63;16:53:10:547;0;3;
293.4;5.64;16:53:10:747;0;3;
293.6;5.64;16:53:10:947;0;3;
293.8;5.64;16:53:11:147;0;3;
294.0;5.66;16:53:11:347;0;3;
294.2;5.67;16:53:11:547;0;3;
294.4;5.68;16:53:11:747;0;3;
294.6;5.68;16:53:11:947;0;3;
294.8;5.69;16:53:12:147;0;3;
295.0;5.70;16:53:12:347;0;3;
295.2;5.70;16:53:12:547;0;3;
295.4;5.70;16:53:12:747;1;3;
295.6;5.69;16:53:12:947;1;3;
295.8;5.69;16:53:13:147;1;3;
296.0;5.69;16:53:13:347;1;3;
296.2;5.69;16:53:13:547;1;3;
296.4;5.69;16:53:13:747;1;3;
296.6;5.68;16:53:13:947;1;3;
296.8;5.68;16:53:14:147;1;3;
297.0;5.71;16:53:14:347;1;3;
297.2;5.71;16:53:14:547;1;3;
297.4;5.79;16:53:14:747;1;3;
297.6;5.85;16:53:14:947;1;3;
297.8;5.94;16:53:15:147;1;3;
298.0;5.99;16:53:15:347;1;3;
298.2;6.00;16:53:15:547;1;3;
298.4;6.00;16:53:15:747;1;3;
298.6;6.01;16:53:15:947;1;3;
298.8;6.01;16:53:16:147;1;3;
299.0;5.98;16:53:16:347;1;4;
299.2;5.95;16:53:16:547;1;3;
299.4;5.95;16:53:16:747;1;3;
299.6;5.93;16:53:16:947;1;3;
299.8;5.92;16:53:17:147;1;3;
300.0;5.89;16:53:17:347;1;3;
300.2;5.86;16:53:17:547;1;3;
300.4;5.86;16:53:17:747;1;3;
300.6;5.86;16:53:17:947;1;3;
300.8;5.83;16:53:18:147;1;3;
301.0;5.82;16:53:18:347;1;3;
301.2;5.81;16:53:18:547;1;3;
301.4;5.81;16:53:18:747;1;3;
301.6;5.79;16:53:18:947;1;3;
301.8;5.79;16:53:19:147;1;3;
302.0;5.77;16:53:19:347;1;3;
302.2;5.77;16:53:19:547;1;3;
302.4;5.75;16:53:19:747;1;4;
302.6;5.74;16:53:19:947;1;4;
302.8;5.73;16:53:20:147;1;4;
303.0;5.73;16:53:20:347;1;4;
303.2;5.72;16:53:20:547;1;4;
303.4;5.70;16:53:20:747;1;4;
303.6;5.69;16:53:20:947;1;4;
303.8;5.69;16:53:21:147;1;4;
304.0;5.67;16:53:21:347;1;4;
304.2;5.67;16:53:21:547;1;4;
304.4;5.66;16:53:21:747;1;4;
304.6;5.68;16:53:21:947;1;4;
304.8;5.72;16:53:22:147;1;4;
305.0;5.78;16:53:22:347;1;4;
305.2;5.78;16:53:22:547;1;4;
305.4;5.84;16:53:22:747;1;4;
305.6;5.89;16:53:22:947;1;4;
305.8;5.92;16:53:23:147;1;4;
306.0;5.93;16:53:23:347;1;4;
306.2;5.94;16:53:23:547;1;4;
306.4;5.94;16:53:23:747;1;4;
306.6;5.93;16:53:23:947;1;4;
306.8;5.89;16:53:24:147;1;4;
307.0;5.87;16:53:24:347;0;4;
307.2;5.86;16:53:24:547;0;4;
307.4;5.82;16:53:24:747;0;4;
307.6;5.82;16:53:24:947;0;4;
307.8;5.80;16:53:25:147;0;4;
308.0;5.79;16:53:25:347;0;4;
308.2;5.77;16:53:25:547;0;4;
308.4;5.74;16:53:25:747;0;4;
308.6;5.73;16:53:25:947;0;4;
308.8;5.73;16:53:26:147;0;4;
309.0;5.72;16:53:26:347;0;4;
309.2;5.69;16:53:26:547;0;4;
309.4;5.68;16:53:26:747;1;4;
309.6;5.67;16:53:26:947;1;4;
309.8;5.66;16:53:27:147;1;4;
310.0;5.66;16:53:27:347;0;5;
310.2;5.64;16:53:27:547;0;5;
310.4;5.64;16:53:27:747;0;5;
310.6;5.64;16:53:27:947;0;5;
310.8;5.62;16:53:28:147;0;4;
311.0;5.62;16:53:28:347;0;4;
311.2;5.61;16:53:28:547;0;4;
311.4;5.61;16:53:28:747;0;4;
311.6;5.61;16:53:28:947;0;4;
311.8;5.59;16:53:29:147;0;4;
312.0;5.59;16:53:29:347;0;4;
312.2;5.59;16:53:29:547;0;4;
312.4;5.62;16:53:29:747;0;4;
312.6;5.68;16:53:29:947;0;4;
312.8;5.76;16:53:30:147;0;4;
313.0;5.91;16:53:30:347;0;4;
313.2;5.99;16:53:30:547;0;4;
313.4;5.99;16:53:30:747;0;4;
313.6;6.07;16:53:30:947;0;4;
313.8;6.10;16:53:31:147;0;4;
314.0;6.12;16:53:31:347;0;4;
314.2;6.09;16:53:31:547;0;4;
314.4;6.07;16:53:31:747;0;4;
314.6;6.07;16:53:31:947;0;4;
314.8;6.05;16:53:32:147;0;4;
315.0;6.03;16:53:32:347;0;4;
315.2;6.00;16:53:32:547;0;4;
315.4;5.98;16:53:32:747;0;4;
315.6;5.98;16:53:32:947;0;4;
315.8;5.97;16:53:33:147;0;4;
316.0;5.95;16:53:33:347;0;4;
316.2;5.96;16:53:33:547;0;4;
316.4;5.97;16:53:33:747;1;4;
316.6;5.99;16:53:33:947;1;4;
316.8;6.00;16:53:34:147;1;4;
317.0;6.03;16:53:34:347;1;4;
317.2;6.06;16:53:34:547;1;4;
317.4;6.09;16:53:34:747;1;4;
317.6;6.12;16:53:34:947;1;5;
317.8;6.14;16:53:35:147;1;5;
